config_order,config_id,is_anchor,img_proj_dim,img_dropout,lr,weight_decay,rmse_15,sd1_15,sd2_15,improvement_pct_15,improved_seeds_15,rmse_30,sd1_30,sd2_30,improvement_pct_30,improved_seeds_30,rmse_60,sd1_60,sd2_60,improvement_pct_60,improved_seeds_60,rmse_90,sd1_90,sd2_90,improvement_pct_90,improved_seeds_90,rmse_120,sd1_120,sd2_120,improvement_pct_120,improved_seeds_120,mean_relative_improvement_pct,improved_horizon_seed_pairs,mean_validation_rmse
1,cfg_01,True,4,0.3,0.0001,1e-05,10.54401139167217,0.05740441698167999,2.0923173391857093,0.30160726972961194,10,16.59029703062914,0.06668260710965018,3.62779552562625,0.5405521788187047,10,23.881228861499185,0.07513177631889434,6.951823297581336,0.7819093322259021,10,28.17577566379443,0.0719246301302411,10.092330038499643,0.7940814549637911,10,30.994295766780272,0.06336984291078636,11.925727858295268,0.8059292551857036,10,0.6448158981847426,50,22.037121742875044
2,cfg_02,False,4,0.1,3e-05,0.0,10.548325295513754,0.061577415196859636,2.0905838671362096,0.2610311579790351,10,16.60984842642382,0.07367563580479555,3.6227238808011095,0.4234407775467899,10,23.929182479703705,0.08211944107061425,6.964870583551616,0.5827397338732929,10,28.21220177979498,0.07530815976217534,10.125664072352926,0.6658393048314656,10,30.99329092287062,0.08289359345659879,11.957164521944351,0.809189481488057,10,0.5484480911437281,50,22.058569780861376
3,cfg_03,False,4,0.5,3e-05,1e-05,10.549643334331302,0.061027545768621315,2.093337619172258,0.2485779705935014,10,16.612003176835476,0.07538712250343732,3.6288895034014863,0.4106245570669767,10,23.926476290985473,0.08503406686436568,7.006586606364628,0.5940683204215773,10,28.216364307668123,0.07634758571555786,10.18473199916128,0.651263421571097,10,31.03135958896117,0.07599963365758168,12.02972822974006,0.687411794024655,10,0.5183892127355614,50,22.067169339756315
4,cfg_04,False,4,0.1,1e-05,1e-06,10.55109748603937,0.06076383510640351,2.0892160774368462,0.234734728454887,10,16.62098165295872,0.08079664289429149,3.624158845359326,0.3568090879402052,10,23.954908417217723,0.07319986506187075,7.003485524540948,0.4756826835146323,10,28.245595663454264,0.073806774910782,10.187454004286396,0.5481571753419381,9,31.036121834244987,0.10332396155232962,12.030722879922537,0.6721392225579372,9,0.4575045795619199,48,22.081741010783013
5,cfg_05,False,4,0.3,0.001,0.0,10.543891691561331,0.05772982244974298,2.095065048022635,0.30268751605706246,10,16.587167726698233,0.07284183885303028,3.6270863528953265,0.5591816032068897,10,23.861849321480502,0.09531936106820299,6.908097825135257,0.8621264624471122,10,28.136240379345196,0.11518034479662087,10.013124604686608,0.9331652034666338,10,30.947653370956964,0.12287444100161356,11.812698789293739,0.955403309928003,10,0.7225128190211403,50,22.015360498008445
6,cfg_06,False,4,0.5,0.001,1e-06,10.5476311028707,0.05786533708673947,2.091496797729973,0.2674234227425126,10,16.602045348061267,0.06769393275681886,3.6161813965192495,0.4701348173593202,10,23.892072184522018,0.04495357295855632,6.947611260580555,0.7366318756672365,10,28.173576934253852,0.06009150109857448,10.101730476354744,0.8018318973597809,10,30.984872930747535,0.08380485959094909,11.937292911235616,0.8361901762565532,10,0.6224424378770806,50,22.040039700091075
7,cfg_07,False,4,0.5,0.0001,1e-06,10.547161855126081,0.05835536830890863,2.0926749349927256,0.2718736408705785,10,16.6020723509146,0.07024691020123042,3.62362737661314,0.47001319687239407,10,23.8990075402415,0.0725678291341747,6.961957641872404,0.7079662967289808,10,28.18334026055495,0.06452348620237244,10.11215804786361,0.7674135865204439,10,30.99846428470254,0.0770599783665565,11.944579768280422,0.7926784645017629,10,0.6019890370988322,50,22.046009258307937
8,cfg_08,False,4,0.1,0.001,1e-06,10.547513461023474,0.05500839754749365,2.0958982229798617,0.2683719000613273,10,16.597617971211644,0.06844537268916481,3.6265178934212106,0.49667823884221923,10,23.91391022441919,0.08090323138896385,6.892407008952975,0.646081224586988,10,28.229913857051137,0.14473752347113322,10.002562756393829,0.6035959457811926,9,31.05221657744953,0.21248976319871035,11.814405988338846,0.6210830227763374,9,0.5271620664096128,48,22.068234418231
9,cfg_09,False,4,0.0,0.0001,0.0001,10.549463933158497,0.06054918278667041,2.0899050010937117,0.25021830188312777,10,16.61247879749042,0.07029608588853901,3.6286916573825576,0.4076290247589095,10,23.938062373208727,0.06667189571101079,7.0089884053356,0.5456779302181626,10,28.226355456592255,0.0824966031849317,10.185474231387214,0.6159514830229529,10,31.001525396401274,0.10674356295380318,12.023822092717253,0.782874725023331,10,0.5204702929812968,50,22.06557719137023
10,cfg_10,False,4,0.5,3e-05,0.0001,10.549610775379078,0.061106332139132066,2.093290843895988,0.24889014763678058,10,16.611025953352293,0.0758500069505419,3.62786163418411,0.4164923508284444,10,23.917635124160107,0.08827109100050433,7.006829058715198,0.6308131496222847,10,28.20381119581212,0.08194091237633098,10.18696057243284,0.6954785801920733,10,31.020348206985965,0.07184896934794226,12.032753083823197,0.722589040903608,10,0.5428526538366383,50,22.06048625113791
11,cfg_11,False,4,0.0,0.001,1e-05,10.55277747340819,0.057352458670157196,2.085921349525923,0.21862590948337712,10,16.60985484559253,0.09078381396725224,3.58796976037679,0.4234669524700879,10,23.919313391819017,0.13562317947949426,6.786818245012462,0.6237318157657018,9,28.237309801439164,0.1523955969190963,9.866260250859478,0.5775420401834872,9,31.064602921475473,0.1746188031378746,11.680423470082962,0.5812405554033593,10,0.48492145466120257,48,22.076771686746874
12,cfg_12,False,4,0.3,3e-05,0.0,10.550215812690379,0.062072454619086496,2.0927302611922673,0.24319355802078232,10,16.61317624750195,0.07857768004052414,3.630010458367621,0.40362126034715534,10,23.930070431439226,0.0961602095902948,7.010802907397254,0.5791875238917636,10,28.22042586455195,0.07200847121498397,10.192005591691315,0.6368533074963453,10,31.02154637095604,0.05942448244209541,12.038005936441886,0.7187164510849531,10,0.5163144201682,50,22.06708694542791
13,cfg_13,False,4,0.0,0.001,0.0001,10.553775939018074,0.057573174892647676,2.0884811719183634,0.20916706141593525,8,16.618883120611276,0.09288199560458925,3.5914676825264515,0.36925087285108155,9,23.945129992117852,0.1574183843112471,6.786748460217026,0.5165803788712798,9,28.281210852259953,0.16568411403335126,9.866824367154658,0.4229647685566541,8,31.120578257430008,0.1701873082853712,11.692622898531427,0.40197681189467654,8,0.38398797871792545,42,22.103915632287432
14,cfg_14,False,4,0.5,1e-05,1e-06,10.554093171420195,0.06026956590767011,2.091846809903726,0.206449566626801,10,16.628908049614825,0.07148932321065217,3.626120114599578,0.3091852391364297,10,23.967443384541422,0.05507879380154811,7.0365983644423595,0.423583549151751,10,28.269585187068856,0.044181822737906176,10.241822272541668,0.46369358900221547,10,31.08179570823817,0.06864836976013984,12.099337316493667,0.5259764350941448,10,0.3857776758022684,50,22.100365100176692
15,cfg_15,False,4,0.3,1e-05,0.0001,10.550664767914089,0.05935528495300349,2.0916198146389116,0.2388011560139721,10,16.619711646316993,0.06996879408603807,3.628431890022643,0.36427674862829384,10,23.952530816992272,0.05697433439299728,7.028451235954695,0.4855788359130047,10,28.248785240472266,0.042294919687902346,10.22207185516466,0.5369347171280506,10,31.0462529882271,0.05865371930022539,12.071830792519206,0.6396691111890365,10,0.4530521137744716,50,22.08358909198454
16,cfg_16,False,4,0.0,0.001,1e-06,10.552211476146754,0.06328543103559407,2.091726066284598,0.2243088743893124,9,16.615486508421114,0.1007418755146312,3.6029217389983383,0.39003884945160455,8,23.94492797483512,0.14086474083422626,6.789504709024301,0.5175508140602882,8,28.277978115100677,0.1571437826442587,9.85289978995153,0.43441580700051885,7,31.11215211312533,0.165151958111694,11.660215275091874,0.42893963240186295,8,0.3990507954607174,40,22.100551237525803
17,cfg_17,False,4,0.0,3e-05,0.0,10.550268339875746,0.06258499888105856,2.088638036187757,0.24272654811733424,10,16.616079689026733,0.07257552827180407,3.6180149897176346,0.38607900460802075,10,23.94353017620124,0.0660989195111222,6.967134072285802,0.5230015526597056,10,28.228812845981572,0.06130757855766156,10.135173657807037,0.6072704615183794,10,31.005369747822634,0.07134428460808566,11.968978530532677,0.7704928099910137,10,0.5059140753788907,50,22.068812159781587
18,cfg_18,False,4,0.5,0.0003,1e-05,10.545556648558257,0.05572924360825652,2.0945381452641643,0.28691197772355664,10,16.59625090065972,0.06370240981155521,3.63039130087531,0.5047617908191973,10,23.891424297485866,0.062442143588342325,6.970785658147711,0.7394372220191532,10,28.17858482797488,0.06233103794760623,10.122037962016865,0.7842493929942893,10,30.993168603520427,0.07351699684133621,11.956326064826124,0.8096591614058928,10,0.6250039089924178,50,22.040997055639828
19,cfg_19,False,4,0.1,0.001,0.0001,10.543795520094392,0.05307325282155876,2.092158065639951,0.30339151743380277,10,16.584802144591244,0.07054476353608295,3.6149223556825802,0.5734829765246551,10,23.866040715639425,0.08027047293347704,6.852368514149282,0.8448530605649344,10,28.153588712837298,0.11571342412880878,9.93351359371911,0.8722800588426827,10,30.977931349117235,0.16122065923462975,11.732946168181343,0.8587189533697399,10,0.6905453133471628,50,22.025231688455918
20,cfg_20,False,4,0.3,3e-05,1e-06,10.550398061651848,0.06188697493141278,2.09236764869441,0.24146138674825846,10,16.6137429362797,0.07771448651629911,3.6292360931185605,0.4002073426258138,10,23.931260310032894,0.09413020751939484,7.011096396781681,0.5742308039874431,10,28.22126320140772,0.07157598502558107,10.192682555865208,0.63390654911438,10,31.021149337955894,0.06105230916624423,12.03923035182538,0.7199894414623975,10,0.5139591047876586,50,22.067562769465614
21,cfg_21,False,4,0.5,0.0003,0.0,10.545808830222931,0.05763410697029898,2.093033660122428,0.2846346858783784,10,16.59722530655511,0.06681898531597198,3.627052313877202,0.49902308168639536,10,23.888966463967613,0.05694034934134479,6.965976425599374,0.7496244989092439,10,28.17323843848203,0.060346176369962645,10.119442668758897,0.8030395672197498,10,30.986977515463586,0.06909009328768762,11.956571687954263,0.8293805297624225,10,0.6331404726912379,50,22.038443310938256
22,cfg_22,False,4,0.3,3e-05,1e-05,10.550393161147113,0.06170824401666906,2.092562023631162,0.24149739180743937,10,16.61371152775263,0.07751437824798421,3.6294625855527025,0.4003913484086786,10,23.931063898405576,0.09417293909380943,7.010878961301892,0.5750440402299104,10,28.22161649533528,0.06969693433755483,10.192869752388798,0.6326544770156162,10,31.02302456221461,0.05803315696526424,12.039762446992013,0.7139817393462591,10,0.5127137993615807,50,22.06796192897104
23,cfg_23,False,4,0.0,0.0001,0.0,10.546937761776192,0.060702020389633966,2.091105480925344,0.27411766532334736,10,16.605931167529395,0.06967636026697278,3.6281960369701767,0.4468620654230947,10,23.927623620580704,0.07555758181319162,6.993971836983034,0.5891151576919447,10,28.209503456417043,0.08990859215298698,10.153977340877853,0.6753255283034459,10,30.978394337939296,0.10286591144360177,11.980834141024392,0.8568217568599167,10,0.5684484347203499,50,22.053678068848527
24,cfg_24,False,4,0.0,0.0003,1e-05,10.549104803959136,0.06058851814447283,2.097914094276903,0.2535877881020377,10,16.62003884499999,0.07888982021292007,3.6408842170830265,0.3624074074253504,10,23.979109895674668,0.0968830996994118,6.934503459192179,0.3750448815450775,8,28.296131283135246,0.13473468185617948,10.081357105012891,0.37037186468379557,8,31.10708208974443,0.14184661798046289,11.917545810191065,0.44518472580402496,9,0.36131933351205725,45,22.110293383502693
25,cfg_25,False,4,0.3,1e-05,1e-06,10.551271846864285,0.06008976992097178,2.09146277754356,0.23310308851175918,10,16.62079212099632,0.07081278791217575,3.6278854277772004,0.3578176457493121,10,23.953529770790297,0.05765824418135163,7.028919458505253,0.4814300567675537,10,28.249769635762135,0.04258506919160413,10.22330895140245,0.5334642673115207,10,31.04607577407552,0.05839572220660011,12.072396120641766,0.6402366371394261,10,0.44921033909591446,50,22.08428782969771
26,cfg_26,False,4,0.1,0.0003,1e-06,10.547753428702539,0.05890014539065766,2.0907106722709523,0.2662838316366752,10,16.608573933105042,0.06943182729240756,3.626657223531719,0.4309803910632473,10,23.9457019735126,0.066787059031444,6.924490668408249,0.5138235028663799,10,28.24896403266599,0.09127278057112523,10.049964749820786,0.5363896339291772,10,31.046129384715766,0.12086045757208193,11.879166741540791,0.6402240028011205,10,0.47754027245931996,50,22.079424550540384
27,cfg_27,False,4,0.3,0.0003,0.0001,10.544005284300379,0.055256421694392946,2.0932609651773544,0.30155479668538665,10,16.588564306714723,0.062238548503114666,3.6295025247857593,0.550851325698779,10,23.87642799066301,0.05656589714729922,6.944522078393644,0.8017651854223977,10,28.16678228873632,0.046224235959426554,10.073369824001526,0.8257197563233774,10,30.97760961569246,0.07376138287506404,11.896836456481044,0.8594070983778652,10,0.6678596325015613,50,22.03067789722138
28,cfg_28,False,4,0.1,3e-05,1e-06,10.549051758014647,0.060921351505478,2.0897106547536284,0.25412520096044827,10,16.613351647121487,0.0713990108172712,3.620386301137449,0.402382596490393,10,23.934844839431655,0.07066535721948207,6.960972239529603,0.5590768740657008,10,28.218557026456164,0.0664535739877277,10.121674784590752,0.6434134135827217,10,31.000023598926425,0.08257126312449674,11.952905970118122,0.787615172134945,10,0.5293226514468418,50,22.063165773990075
29,cfg_29,False,4,0.3,0.0001,0.0001,10.544481883591887,0.05751434205852149,2.0925146250431093,0.29716408425137353,10,16.592643599541805,0.06647882836667399,3.6283572152365093,0.5264537053312501,10,23.886074176739623,0.08006553779878545,6.953754278377229,0.761809543779665,10,28.181230534530506,0.06708277585111394,10.092129087649765,0.7748475381784781,10,30.998531122832862,0.059098700495775924,11.923755824491607,0.7923714568491262,10,0.6305292656779785,50,22.040592263447337
30,cfg_30,False,4,0.1,0.0001,0.0001,10.54629953798758,0.05805141984666477,2.095238552322531,0.2799551439647017,10,16.60333998271928,0.07033172962567594,3.6314858680429847,0.4623314069856355,10,23.92094916501366,0.07747877347712692,6.938222875567759,0.6167874480506119,10,28.201389140784464,0.08481493537061159,10.080626916893737,0.7038687244944135,10,30.98893961248421,0.09736539712448061,11.907109847922428,0.8231459080949761,10,0.5772177263180677,50,22.052183487797834
31,cfg_31,False,4,0.0,0.001,0.0,10.554343478607663,0.05992441871650605,2.0880261779490104,0.20399413946990025,9,16.617717599331613,0.09906882032879376,3.585106936796845,0.376445834683904,8,23.950754269982383,0.16254347388525286,6.758625958440376,0.4931737856307857,9,28.2991980610048,0.2203615861860952,9.819540850431352,0.3596759694133867,7,31.126492041484674,0.2410642874117459,11.633072056706682,0.3831848038573585,7,0.36329490661106706,40,22.109701090082222
32,cfg_32,False,4,0.0,1e-05,0.0,10.552467294660683,0.06196725081518764,2.0883190590332705,0.2218654984573368,10,16.623519516436982,0.0819143370376083,3.622271857271531,0.34164962483337147,10,23.958088136574823,0.07246586334594847,6.999393559653897,0.4624851073291456,10,28.248255196865284,0.0725846861229213,10.184897933975424,0.5387879276338776,9,31.037346207687143,0.10178969489560673,12.027991542113472,0.6682297930993555,9,0.44660359027061747,48,22.08393527044499
33,cfg_33,False,4,0.1,1e-05,1e-05,10.551229827126466,0.060612393934663375,2.0892782268831303,0.2334750894155067,10,16.62099105458668,0.08081005021081532,3.6250356433214046,0.35675261814644665,10,23.95511677451926,0.0728498219127882,7.004886582206888,0.47481451767211685,10,28.24546842680879,0.07380206747645218,10.188408775862172,0.5486077895463387,9,31.035407210410938,0.10387114018872282,12.031602175455335,0.6744307092124736,9,0.4576161447985765,48,22.08164265869043
34,cfg_34,False,4,0.3,0.001,1e-05,10.541724983532395,0.056320224761577116,2.098190738251376,0.32312836066552697,10,16.582417712556204,0.07711783830878897,3.6378153649099083,0.5877787034329469,10,23.852027818429285,0.09741830973103797,6.943898583379483,0.9028925732790534,10,28.130510635143118,0.124153035917852,10.060345922493179,0.9533008435621196,10,30.95198616489693,0.13417524654733998,11.863725455198905,0.9415104905273255,10,0.7417221942933946,50,22.011733462911582
35,cfg_35,False,4,0.3,0.001,1e-06,10.542639882633923,0.05916624868909506,2.0950537962178983,0.31464461131003507,10,16.585207567180678,0.08180485062419854,3.628064315374427,0.5712339359199011,10,23.862991112452516,0.09677435643586457,6.932419287547231,0.8575338097581309,10,28.13860829169052,0.11678034150311817,10.051666084198823,0.924983806545917,10,30.95253066347222,0.13483941156385126,11.867816739598824,0.9398625820764017,10,0.7216517491220772,50,22.01639550348597
36,cfg_36,False,4,0.0,3e-05,1e-06,10.550329215321453,0.062612961912432,2.0885892980658296,0.2421528370958364,10,16.61621326356144,0.07259419193579034,3.6180346756414883,0.38528117167972453,10,23.94380274870646,0.06591733035961564,6.967583853266292,0.5218728522962948,10,28.229290673545826,0.06083980806205009,10.135825811095826,0.6055890934738578,10,31.00586011718808,0.0706927918542349,11.969741734383355,0.7689239671346093,10,0.5047639843360645,50,22.069099203664656
37,cfg_37,False,4,0.1,3e-05,1e-05,10.548887154035608,0.06081267880500264,2.089837450297474,0.25567269492185013,10,16.6127253154831,0.07135314933766557,3.6200329864681513,0.4061249275241205,10,23.933102852234775,0.07255877550427216,6.96159436474906,0.5663058093018337,10,28.216654007720273,0.07127430081780765,10.122890343301215,0.6501182751765804,10,30.998620385082354,0.08737091675653874,11.954416248767751,0.7921113388296565,10,0.5340666091508083,50,22.061997942911226
38,cfg_38,False,4,0.1,0.0003,1e-05,10.544169990699,0.05885488567142814,2.0927198369788136,0.30015373318583416,10,16.602697146998622,0.07496790345297161,3.6353463060034916,0.4662915602594674,10,23.94094901576775,0.07326509007792008,6.948510914171593,0.5335544591474102,10,28.24236420072358,0.0954886977615449,10.089837843403334,0.559624554114795,10,31.03870769101365,0.12145854540016005,11.922457701765964,0.6639804398836184,10,0.5047209493182251,50,22.073777609040523
39,cfg_39,False,4,0.3,1e-05,0.0,10.551275158819646,0.060075156587385894,2.0914699500724088,0.2330709891369221,10,16.6208083523367,0.07079884262896614,3.6279029800468603,0.35771993056543117,10,23.95352804496036,0.057629380196227396,7.028993959852792,0.48143741539618706,10,28.249737903509224,0.042474548413803076,10.223400389757728,0.5335764388123746,10,31.045997946853436,0.05826758955363777,12.072467990177573,0.6404856306043719,10,0.44925808090305736,50,22.084269481295877
40,cfg_40,False,4,0.1,1e-05,0.0,10.551123289213445,0.060737197968726266,2.0892518677137417,0.234489223238361,10,16.62105759985878,0.08075728264207903,3.6242046046996927,0.3563526082217536,10,23.95515121740747,0.07296635573363745,7.003521282391703,0.47467209093270757,10,28.245904551299155,0.07351501480305461,10.187560454311086,0.5470689470488886,9,31.036435730790572,0.10312228344567373,12.030866922127975,0.6711342758898029,9,0.45674342906630266,48,22.08193447771388
