config_id,participant_id,horizon,mean_rmse_across_seeds,sd_rmse_across_seeds
cfg_34,CGMacros-005,15,10.7262849483875,0.07534139396645873
cfg_34,CGMacros-016,15,8.45697500687687,0.04316692369427396
cfg_34,CGMacros-027,15,9.100933086578186,0.11273366647489967
cfg_34,CGMacros-044,15,8.363698093883254,0.10247795737186877
cfg_34,CGMacros-046,15,13.606030768071292,0.20898527325267857
cfg_34,CGMacros-048,15,11.82636474954931,0.13629576438076996
cfg_34,CGMacros-005,30,19.050191981169903,0.12376672465261856
cfg_34,CGMacros-016,30,12.61561828664031,0.07739069184295852
cfg_34,CGMacros-027,30,12.904395476279216,0.09797496395658407
cfg_34,CGMacros-044,30,13.68997511209906,0.15882020846823033
cfg_34,CGMacros-046,30,21.273151027702056,0.2428936934196409
cfg_34,CGMacros-048,30,17.71638817550324,0.17937253969620587
cfg_34,CGMacros-005,60,27.535495858588025,0.2978817178261723
cfg_34,CGMacros-016,60,16.800681137365338,0.1452777583476527
cfg_34,CGMacros-027,60,16.703261404299532,0.1625684793976962
cfg_34,CGMacros-044,60,21.472557475631714,0.2443143595247261
cfg_34,CGMacros-046,60,34.59979762534929,0.24684323878022207
cfg_34,CGMacros-048,60,20.64221645088826,0.2703787355699934
cfg_34,CGMacros-005,90,29.334152636137475,0.457476906003853
cfg_34,CGMacros-016,90,17.672256062446102,0.22398905011392345
cfg_34,CGMacros-027,90,18.799853134879037,0.17138308161297794
cfg_34,CGMacros-044,90,26.385299595053198,0.2115167931491333
cfg_34,CGMacros-046,90,44.998383184315244,0.3193221051512524
cfg_34,CGMacros-048,90,22.185008746432118,0.31603598746526257
cfg_34,CGMacros-005,120,31.159215075628417,0.43729167408941694
cfg_34,CGMacros-016,120,18.578564908497384,0.27720500290188543
cfg_34,CGMacros-027,120,20.843787752941942,0.2008985385717138
cfg_34,CGMacros-044,120,29.101297069974038,0.21188581932346343
cfg_34,CGMacros-046,120,51.103890277242165,0.3875817361259919
cfg_34,CGMacros-048,120,23.053605121930048,0.36652811107891453
