encoder,seed,horizon_min,fed_cgm_time_rmse,fed_multimodal_rmse,delta_rmse,fed_cgm_time_mae,fed_multimodal_mae,delta_mae
resnet18,7,15,12.351109837172052,12.31971911678055,-0.03139072039150115,8.350240826134906,8.350349461228692,0.00010863509378644665
resnet18,14,15,12.520570743470934,12.504934871947551,-0.01563587152338286,8.634797507740924,8.624587875552423,-0.01020963218850035
resnet18,21,15,12.495319844771092,12.393418527265643,-0.10190131750544928,8.627957813279817,8.629546407274404,0.0015885939945867733
resnet18,28,15,12.068972629267343,12.11836823027385,0.049395601006507306,8.163464558683856,8.148017580439653,-0.015446978244202825
resnet18,35,15,12.333477549701508,12.290920550843945,-0.042556998857563144,8.451669275672064,8.470951551800637,0.019282276128572917
resnet18,42,15,12.565464889233265,12.551183899519263,-0.014280989714002601,8.722545433821951,8.719330993220677,-0.0032144406012744042
resnet18,49,15,13.027993682708235,12.918069189508046,-0.10992449320018949,8.974077402752274,9.038346091419811,0.06426868866753743
resnet18,56,15,12.024118600788066,11.984415140281369,-0.03970346050669704,8.26848175936873,8.268271919730353,-0.00020983963837650776
resnet18,63,15,11.981617106334975,11.965701861596997,-0.01591524473797712,8.175711092754941,8.183958327943303,0.008247235188362012
resnet18,70,15,12.455806362674226,12.38566307703778,-0.0701432856364459,8.57632158531789,8.566654337276388,-0.009667248041502319
resnet18,7,30,20.273909994099835,20.206099967716703,-0.06781002638313183,13.659285879480064,13.64689910736449,-0.012386772115574374
resnet18,14,30,20.400586921574916,20.312056472396034,-0.08853044917888298,13.880280723313104,13.840551507573238,-0.03972921573986632
resnet18,21,30,20.312653126502266,20.24714366757061,-0.06550945893165405,13.744453591339505,13.76421601423499,0.019762422895484022
resnet18,28,30,19.841134533334092,19.95226741593741,0.111132882603318,13.216149628254588,13.20003580759943,-0.016113820655156985
resnet18,35,30,20.171362698467952,20.04871462311963,-0.122648075348323,13.626005817760547,13.637167049237462,0.01116123147691539
resnet18,42,30,20.35322845439998,20.33681230906262,-0.016416145337359467,13.726475117235823,13.702217940116917,-0.024257177118906625
resnet18,49,30,20.88771216352568,20.743235229129873,-0.1444769343958079,14.124810302896472,14.286322709792984,0.16151240689651125
resnet18,56,30,19.95363643818569,19.845553935841366,-0.10808250234432393,13.480046461962582,13.471345771747929,-0.008700690214652695
resnet18,63,30,19.841002207246454,19.88082580546059,0.03982359821413439,13.347819053748667,13.398396574939717,0.05057752119104997
resnet18,70,30,20.151785700501147,19.988608316959375,-0.1631773835417718,13.565824519887652,13.573808336081363,0.007983816193711135
resnet18,7,60,31.4550853734534,31.32745536718641,-0.1276300062669904,20.732318703946802,20.755057088933814,0.02273838498701153
resnet18,14,60,31.169617077160375,31.023806536935115,-0.1458105402252592,20.49170497625211,20.41864661167122,-0.07305836458088777
resnet18,21,60,31.12765573929439,31.106552109502765,-0.021103629791625167,20.580818494488692,20.592905462540703,0.01208696805201015
resnet18,28,60,30.782518906829296,31.01379005105423,0.23127114422493378,20.28828509031066,20.199397664293016,-0.08888742601764221
resnet18,35,60,31.223431875558457,31.075009433743933,-0.14842244181452457,20.444615801417918,20.450979436725163,0.006363635307245374
resnet18,42,60,31.039172199610405,31.054619533633527,0.015447334023122039,20.488340047129945,20.369822486011827,-0.11851756111811795
resnet18,49,60,31.376457013041684,31.37577044157289,-0.0006865714687940283,20.67567667192793,21.031729970080104,0.35605329815217246
resnet18,56,60,30.85975748464815,30.749940484630123,-0.10981700001802608,20.260779571372584,20.33745721640577,0.07667764503318608
resnet18,63,60,30.79395832811322,30.82634137653896,0.03238304842573925,20.170706605612533,20.27057611218121,0.09986950656867677
resnet18,70,60,30.959908320159034,30.668716151701464,-0.29119216845757023,20.303602388495616,20.432116673182502,0.12851428468688653
resnet18,7,90,38.77310381399043,38.666408605382784,-0.10669520860764692,25.491534355724838,25.549571126089333,0.05803677036449528
resnet18,14,90,38.126092396393226,38.03229421951255,-0.09379817688067504,24.80588867985613,24.69631084025216,-0.10957783960397194
resnet18,21,90,38.0761841196238,38.07051153831609,-0.005672581307706537,25.21073504455004,25.21302225815154,0.0022872136014981947
resnet18,28,90,37.835110360968045,38.11181269584346,0.2767023348754165,25.105946261981853,24.994166739136176,-0.11177952284567638
resnet18,35,90,37.883871834917926,37.79363405514863,-0.09023777976929637,24.621053586259997,24.57983959384275,-0.04121399241724788
resnet18,42,90,37.77527280217245,37.86277309938387,0.08750029721142027,24.84180043467104,24.70235364419926,-0.13944679047178
resnet18,49,90,38.12782330391854,38.28175481230162,0.15393150838308145,25.23130612025086,25.518726209533867,0.2874200892830068
resnet18,56,90,38.35982206808928,38.286671105699284,-0.0731509623899953,24.93842058842345,25.037319797384868,0.09889920896141646
resnet18,63,90,37.77358941244754,37.77089741898066,-0.0026919934668825363,24.66557426604168,24.797833203118504,0.13225893707682346
resnet18,70,90,38.14057008669431,37.84930699685719,-0.29126308983712335,24.798949639252882,24.89336118106564,0.09441154181275735
resnet18,7,120,43.23202054829314,43.16728091681598,-0.06473963147715978,28.591830101158205,28.647025253269952,0.05519515211174664
resnet18,14,120,42.35582044378873,42.292252116240896,-0.06356832754783426,27.637943625888525,27.492812304099314,-0.1451313217892114
resnet18,21,120,42.249539725168376,42.255933391170664,0.006393666002288967,28.32647699366085,28.28565896963639,-0.04081802402446044
resnet18,28,120,42.26727108007515,42.500137456709275,0.2328663766341279,28.180151595207402,28.026399442036524,-0.15375215317087765
resnet18,35,120,42.351692876852276,42.28119420621346,-0.07049867063881265,27.594295319833954,27.526715397148205,-0.06757992268574853
resnet18,42,120,42.05144070753651,42.153798495809234,0.10235778827272668,27.796761587119505,27.64823952588298,-0.14852206123652678
resnet18,49,120,42.077744321835034,42.304457366167476,0.22671304433244188,28.055238157589663,28.222015018141796,0.16677686055213314
resnet18,56,120,42.72610388971934,42.69866959219781,-0.027434297521530482,27.81677852411164,27.89065653811322,0.07387801400157912
resnet18,63,120,42.17184986196103,42.084521638811815,-0.08732822314921407,27.608889531038844,27.75434952906347,0.14545999802462717
resnet18,70,120,42.28663385110576,42.00976725621531,-0.27686659489044985,27.593747877314282,27.594791288544577,0.001043411230295277
vit,7,15,12.351109837172052,12.314586040902395,-0.03652379626965718,8.350240826134906,8.404147931043637,0.053907104908731185
vit,14,15,12.520570743470934,12.478599361889172,-0.041971381581761946,8.634797507740924,8.615104540151526,-0.01969296758939798
vit,21,15,12.495319844771092,12.481309797525595,-0.014010047245497148,8.627957813279817,8.622861337391981,-0.005096475887835794
vit,28,15,12.068972629267343,12.104262724468018,0.03529009520067561,8.163464558683856,8.141977484126336,-0.021487074557519747
vit,35,15,12.333477549701508,12.307101425354054,-0.026376124347454066,8.451669275672064,8.447776444232158,-0.0038928314399058195
vit,42,15,12.565464889233265,12.557906656131012,-0.007558233102253453,8.722545433821951,8.726089083567896,0.003543649745944677
vit,49,15,13.027993682708235,12.961926434294535,-0.0660672484137006,8.974077402752274,8.962862818409462,-0.011214584342811307
vit,56,15,12.024118600788066,12.000661670675969,-0.02345693011209704,8.26848175936873,8.290411569449965,0.021929810081235956
vit,63,15,11.981617106334975,11.991149545750845,0.009532439415870897,8.175711092754941,8.168164609640066,-0.007546483114875713
vit,70,15,12.455806362674226,12.400364948108367,-0.05544141456585905,8.57632158531789,8.61318975989564,0.03686817457774971
vit,7,30,20.273909994099835,20.213897484684654,-0.06001250941518066,13.659285879480064,13.768344583723161,0.10905870424309683
vit,14,30,20.400586921574916,20.315688319156898,-0.0848986024180185,13.880280723313104,13.82756439454292,-0.05271632877018462
vit,21,30,20.312653126502266,20.332152136542607,0.019499010040341602,13.744453591339505,13.736613582100688,-0.007840009238817558
vit,28,30,19.841134533334092,19.88201860297775,0.04088406964365987,13.216149628254588,13.196390565710587,-0.019759062544000727
vit,35,30,20.171362698467952,20.103787597896556,-0.06757510057139626,13.626005817760547,13.62213817560543,-0.0038676421551162576
vit,42,30,20.35322845439998,20.297897557366156,-0.05533089703382288,13.726475117235823,13.748750586691402,0.0222754694555789
vit,49,30,20.88771216352568,20.804741520062347,-0.08297064346333372,14.124810302896472,14.10807632845929,-0.016733974437181942
vit,56,30,19.95363643818569,19.900872749203497,-0.05276368898219275,13.480046461962582,13.506183504260656,0.026137042298074675
vit,63,30,19.841002207246454,19.78218701691324,-0.05881519033321325,13.347819053748667,13.334847737804,-0.01297131594466805
vit,70,30,20.151785700501147,20.044811689827462,-0.10697401067368517,13.565824519887652,13.652170386509045,0.08634586662139299
vit,7,60,31.4550853734534,31.366695909039056,-0.08838946441434459,20.732318703946802,20.852008012880813,0.11968930893401009
vit,14,60,31.169617077160375,31.082530367776194,-0.08708670938418095,20.49170497625211,20.385447309375586,-0.10625766687652316
vit,21,60,31.12765573929439,31.127898502660656,0.00024276336626627426,20.580818494488692,20.567663175494353,-0.013155318994339638
vit,28,60,30.782518906829296,30.812601009254543,0.030082102425247115,20.28828509031066,20.252803817672405,-0.03548127263825407
vit,35,60,31.223431875558457,31.145134859518127,-0.0782970160403309,20.444615801417918,20.462398278633643,0.017782477215725123
vit,42,60,31.039172199610405,30.98330839085528,-0.055863808755123756,20.488340047129945,20.55241290905316,0.06407286192321493
vit,49,60,31.376457013041684,31.43173632341278,0.05527931037109468,20.67567667192793,20.545469910259854,-0.13020676166807732
vit,56,60,30.85975748464815,30.770668708074577,-0.08908877657357195,20.260779571372584,20.294399403084338,0.033619831711753534
vit,63,60,30.79395832811322,30.65325099024854,-0.14070733786467926,20.170706605612533,20.211820020745314,0.04111341513278077
vit,70,60,30.959908320159034,30.813372480059073,-0.14653584009996123,20.303602388495616,20.609823326546024,0.3062209380504086
vit,7,90,38.77310381399043,38.708486724977426,-0.06461708901300511,25.491534355724838,25.55457631034637,0.06304195462153217
vit,14,90,38.126092396393226,38.103092848921264,-0.022999547471961534,24.80588867985613,24.675712896063875,-0.13017578379225725
vit,21,90,38.0761841196238,38.066592323001004,-0.00959179662279297,25.21073504455004,25.22148628185415,0.010751237304109651
vit,28,90,37.835110360968045,37.85193274363438,0.016822382666333624,25.105946261981853,25.085039621189743,-0.020906640792109243
vit,35,90,37.883871834917926,37.83502154167906,-0.04885029323886414,24.621053586259997,24.628457825334944,0.007404239074947583
vit,42,90,37.77527280217245,37.75938284530931,-0.015889956863141208,24.84180043467104,24.863021331111675,0.021220896440635073
vit,49,90,38.12782330391854,38.29141781958008,0.16359451566154348,25.23130612025086,24.98956714937267,-0.2417389708781883
vit,56,90,38.35982206808928,38.21073687310945,-0.14908519497983264,24.93842058842345,25.02391740714554,0.08549681872208836
vit,63,90,37.77358941244754,37.659234303861936,-0.11435510858560605,24.66557426604168,24.71829649052979,0.052722224488110925
vit,70,90,38.14057008669431,38.0452570433616,-0.09531304333270896,24.798949639252882,25.129917408005106,0.3309677687522239
vit,7,120,43.23202054829314,43.1550088918435,-0.07701165644964192,28.591830101158205,28.599405745753327,0.007575644595121389
vit,14,120,42.35582044378873,42.381419107611045,0.025598663822314904,27.637943625888525,27.508889757493826,-0.12905386839469912
vit,21,120,42.249539725168376,42.244760369605444,-0.004779355562931187,28.32647699366085,28.33219690889281,0.005719915231960471
vit,28,120,42.26727108007515,42.26828507790801,0.0010139978328638222,28.180151595207402,28.185867915414114,0.005716320206712311
vit,35,120,42.351692876852276,42.2988931324565,-0.05279974439577728,27.594295319833954,27.583991214248833,-0.010304105585120737
vit,42,120,42.05144070753651,42.054447978351384,0.003007270814876506,27.796761587119505,27.773856307453897,-0.022905279665607736
vit,49,120,42.077744321835034,42.258759233709796,0.1810149118747617,28.055238157589663,27.72878818700885,-0.32644997058081415
vit,56,120,42.72610388971934,42.53702208121833,-0.1890818085010082,27.81677852411164,27.95986361501987,0.14308509090822952
vit,63,120,42.17184986196103,42.08593718543555,-0.0859126765254814,27.608889531038844,27.628975796858047,0.020086265819202254
vit,70,120,42.28663385110576,42.198520907338214,-0.0881129437675483,27.593747877314282,27.823741976565366,0.22999409925108338
clip,7,15,12.351109837172052,12.313803115373442,-0.03730672179860939,8.350240826134906,8.397585353866079,0.04734452773117326
clip,14,15,12.520570743470934,12.387222206877897,-0.13334853659303647,8.634797507740924,8.639446162034151,0.004648654293227139
clip,21,15,12.495319844771092,12.38331097033834,-0.1120088744327532,8.627957813279817,8.620172828906549,-0.0077849843732682444
clip,28,15,12.068972629267343,12.06373380617539,-0.005238823091952227,8.163464558683856,8.146634902908355,-0.016829655775500996
clip,35,15,12.333477549701508,12.257436249245412,-0.07604130045609558,8.451669275672064,8.482441671887726,0.030772396215661857
clip,42,15,12.565464889233265,12.5265898132205,-0.038875076012764964,8.722545433821951,8.704410168018441,-0.01813526580350988
clip,49,15,13.027993682708235,12.910848049148205,-0.11714563356003005,8.974077402752274,8.978383620538162,0.0043062177858885775
clip,56,15,12.024118600788066,12.022855254562668,-0.0012633462253983652,8.26848175936873,8.263440563459406,-0.0050411959093228376
clip,63,15,11.981617106334975,11.944031015955986,-0.03758609037898886,8.175711092754941,8.158384775925407,-0.017326316829533894
clip,70,15,12.455806362674226,12.366724388550224,-0.0890819741240012,8.57632158531789,8.555430754573504,-0.02089083074438669
clip,7,30,20.273909994099835,20.17638160423711,-0.09752838986272394,13.659285879480064,13.748730606301066,0.08944472682100191
clip,14,30,20.400586921574916,20.187234288942395,-0.21335263263252102,13.880280723313104,13.923249985798519,0.042969262485414106
clip,21,30,20.312653126502266,20.19997151142543,-0.11268161507683416,13.744453591339505,13.746044863282137,0.0015912719426314226
clip,28,30,19.841134533334092,19.854747644516866,0.013613111182774418,13.216149628254588,13.17761922196785,-0.03853040628673732
clip,35,30,20.171362698467952,19.971325295794358,-0.20003740267359404,13.626005817760547,13.655898293170754,0.029892475410207453
clip,42,30,20.35322845439998,20.288413148434113,-0.06481530596586538,13.726475117235823,13.672801043353056,-0.05367407388276746
clip,49,30,20.88771216352568,20.689644991152594,-0.19806717237308646,14.124810302896472,14.119149962848045,-0.005660340048427415
clip,56,30,19.95363643818569,19.89679028754614,-0.056846150639550785,13.480046461962582,13.45079784315862,-0.02924861880396179
clip,63,30,19.841002207246454,19.762871911309244,-0.07813029593721055,13.347819053748667,13.311783179343385,-0.03603587440528244
clip,70,30,20.151785700501147,19.952231571014615,-0.19955412948653262,13.565824519887652,13.515461314220497,-0.05036320566715524
clip,7,60,31.4550853734534,31.23910381528006,-0.21598155817333975,20.732318703946802,20.990920754179,0.2586020502321986
clip,14,60,31.169617077160375,30.87039902144891,-0.29921805571146365,20.49170497625211,20.687475321978745,0.1957703457266362
clip,21,60,31.12765573929439,30.976145944062306,-0.15150979523208363,20.580818494488692,20.632081745627993,0.05126325113930008
clip,28,60,30.782518906829296,30.756405333281645,-0.02611357354765076,20.28828509031066,20.171233511059885,-0.11705157925077359
clip,35,60,31.223431875558457,30.925414558326114,-0.29801731723234326,20.444615801417918,20.637215151903334,0.1925993504854162
clip,42,60,31.039172199610405,30.973005675367933,-0.06616652424247249,20.488340047129945,20.337589028219814,-0.15075101891013176
clip,49,60,31.376457013041684,31.167869184713556,-0.2085878283281275,20.67567667192793,20.68173859616913,0.006061924241198113
clip,56,60,30.85975748464815,30.72702446939795,-0.13273301525019932,20.260779571372584,20.2212791855246,-0.03950038584798321
clip,63,60,30.79395832811322,30.636195623509828,-0.15776270460339248,20.170706605612533,20.17280648416747,0.0020998785549366517
clip,70,60,30.959908320159034,30.624962667846752,-0.3349456523122818,20.303602388495616,20.308565406008082,0.004963017512466195
clip,7,90,38.77310381399043,38.540923096179036,-0.2321807178113957,25.491534355724838,25.724143235475534,0.23260887975069622
clip,14,90,38.126092396393226,37.86840619184715,-0.2576862045460757,24.80588867985613,24.997075935819883,0.19118725596375086
clip,21,90,38.0761841196238,37.945033338730745,-0.13115078089305143,25.21073504455004,25.236089501049687,0.025354456499645295
clip,28,90,37.835110360968045,37.81281846889708,-0.02229189207096738,25.105946261981853,24.929172361419315,-0.17677390056253728
clip,35,90,37.883871834917926,37.629576825068895,-0.25429500984903086,24.621053586259997,24.80121793463087,0.18016434837087303
clip,42,90,37.77527280217245,37.82932361285361,0.05405081068115436,24.84180043467104,24.63237905336936,-0.20942138130168075
clip,49,90,38.12782330391854,38.00262350837075,-0.12519979554778615,25.23130612025086,25.12051889077129,-0.11078722947956976
clip,56,90,38.35982206808928,38.21699904518911,-0.14282302290016702,24.93842058842345,24.89047415385328,-0.04794643457017145
clip,63,90,37.77358941244754,37.658867512318004,-0.11472190012953831,24.66557426604168,24.657344386298025,-0.008229879743655744
clip,70,90,38.14057008669431,37.869181295232266,-0.2713887914620443,24.798949639252882,24.77600462007157,-0.022945019181310755
clip,7,120,43.23202054829314,42.98370522429386,-0.2483153239992859,28.591830101158205,28.68893143861917,0.09710133746096616
clip,14,120,42.35582044378873,42.096793017579714,-0.2590274262090162,27.637943625888525,27.771311304158374,0.13336767826984897
clip,21,120,42.249539725168376,42.138458932023795,-0.11108079314458053,28.32647699366085,28.2489611859006,-0.0775158077602498
clip,28,120,42.26727108007515,42.26613085239253,-0.0011402276826188995,28.180151595207402,27.962144206401486,-0.21800738880591553
clip,35,120,42.351692876852276,42.1005122518356,-0.2511806250166728,27.594295319833954,27.707421235890976,0.11312591605702238
clip,42,120,42.05144070753651,42.18797807489048,0.1365373673539736,27.796761587119505,27.55851894530202,-0.2382426418174859
clip,49,120,42.077744321835034,42.03338997270552,-0.04435434912951308,28.055238157589663,27.823438781256055,-0.23179937633360836
clip,56,120,42.72610388971934,42.609185642698094,-0.1169182470212462,27.81677852411164,27.759503228345615,-0.057275295766025636
clip,63,120,42.17184986196103,42.084703266354985,-0.08714659560604332,27.608889531038844,27.571004162435802,-0.03788536860304248
clip,70,120,42.28663385110576,42.08830074550895,-0.1983331055968094,27.593747877314282,27.525133018228573,-0.06861485908570941
dinov2,7,15,12.351109837172052,12.367442731701619,0.0163328945295671,8.350240826134906,8.34008591237151,-0.010154913763395612
dinov2,14,15,12.520570743470934,12.45099689542576,-0.06957384804517375,8.634797507740924,8.604686974307562,-0.030110533433362008
dinov2,21,15,12.495319844771092,12.441570258808515,-0.05374958596257784,8.627957813279817,8.613710109390574,-0.014247703889243013
dinov2,28,15,12.068972629267343,12.066909072944275,-0.002063556323067317,8.163464558683856,8.149136645518027,-0.014327913165828932
dinov2,35,15,12.333477549701508,12.309009514285409,-0.0244680354160991,8.451669275672064,8.443395453087557,-0.008273822584506263
dinov2,42,15,12.565464889233265,12.496546619232792,-0.06891827000047357,8.722545433821951,8.69543923621401,-0.02710619760794053
dinov2,49,15,13.027993682708235,12.99095245260178,-0.0370412301064551,8.974077402752274,8.961405751054643,-0.012671651697630182
dinov2,56,15,12.024118600788066,11.978017728081339,-0.04610087270672736,8.26848175936873,8.259154710739772,-0.009327048628957613
dinov2,63,15,11.981617106334975,11.957722928815592,-0.02389417751938261,8.175711092754941,8.154510701309784,-0.021200391445157507
dinov2,70,15,12.455806362674226,12.42693011491438,-0.028876247759844986,8.57632158531789,8.585353144310238,0.009031558992347755
dinov2,7,30,20.273909994099835,20.272110267629632,-0.0017997264702032112,13.659285879480064,13.61003514469475,-0.049250734785314165
dinov2,14,30,20.400586921574916,20.19603388259374,-0.20455303898117805,13.880280723313104,13.804515615137346,-0.07576510817575866
dinov2,21,30,20.312653126502266,20.270166197337343,-0.042486929164923026,13.744453591339505,13.728412926897755,-0.016040664441749897
dinov2,28,30,19.841134533334092,19.795943452787217,-0.04519108054687493,13.216149628254588,13.184359835568927,-0.031789792685660956
dinov2,35,30,20.171362698467952,20.03092017489912,-0.1404425235688329,13.626005817760547,13.609246746398425,-0.016759071362121958
dinov2,42,30,20.35322845439998,20.15284564625708,-0.20038280814289777,13.726475117235823,13.64963637450374,-0.07683874273208424
dinov2,49,30,20.88771216352568,20.769047175032092,-0.1186649884935882,14.124810302896472,14.092332075027457,-0.03247822786901544
dinov2,56,30,19.95363643818569,19.800600218535422,-0.15303621965026792,13.480046461962582,13.442394088043192,-0.03765237391938925
dinov2,63,30,19.841002207246454,19.741298674318227,-0.09970353292822765,13.347819053748667,13.263754261430831,-0.08406479231783592
dinov2,70,30,20.151785700501147,20.030890029101183,-0.12089567139996404,13.565824519887652,13.57410913265492,0.008284612767267774
dinov2,7,60,31.4550853734534,31.401457647194672,-0.05362772625872836,20.732318703946802,20.6047257355044,-0.12759296844240353
dinov2,14,60,31.169617077160375,30.84509939388677,-0.324517683273605,20.49170497625211,20.43576744733812,-0.055937528913990064
dinov2,21,60,31.12765573929439,31.061247625406672,-0.06640811388771795,20.580818494488692,20.547085888480186,-0.03373260600850614
dinov2,28,60,30.782518906829296,30.668329515885215,-0.11418939094408032,20.28828509031066,20.192836106502966,-0.0954489838076924
dinov2,35,60,31.223431875558457,30.966640530069483,-0.2567913454889741,20.444615801417918,20.454005649768852,0.009389848350934926
dinov2,42,60,31.039172199610405,30.70421006420754,-0.3349621354028649,20.488340047129945,20.36407502180007,-0.12426502532987627
dinov2,49,60,31.376457013041684,31.21193302419937,-0.164523988842312,20.67567667192793,20.58540731712192,-0.09026935480601139
dinov2,56,60,30.85975748464815,30.5886889355519,-0.271068549096249,20.260779571372584,20.267376113231204,0.006596541858620242
dinov2,63,60,30.79395832811322,30.538510579186372,-0.25544774892684785,20.170706605612533,19.98301271240585,-0.18769389320668495
dinov2,70,60,30.959908320159034,30.65881791840349,-0.3010904017555447,20.303602388495616,20.305013269259963,0.0014108807643467003
dinov2,7,90,38.77310381399043,38.7183456241087,-0.05475818988173131,25.491534355724838,25.357337743067042,-0.1341966126577958
dinov2,14,90,38.126092396393226,37.89702129370745,-0.22907110268577213,24.80588867985613,24.814583791168324,0.008695111312192694
dinov2,21,90,38.0761841196238,38.02031804801555,-0.05586607160824997,25.21073504455004,25.1701501443278,-0.04058490022224248
dinov2,28,90,37.835110360968045,37.73876676722181,-0.09634359374623358,25.105946261981853,25.013790926940654,-0.09215533504119833
dinov2,35,90,37.883871834917926,37.64504725552136,-0.23882457939656376,24.621053586259997,24.60401812789333,-0.0170354583666672
dinov2,42,90,37.77527280217245,37.474163437041426,-0.30110936513102615,24.84180043467104,24.735156628037583,-0.10664380663345696
dinov2,49,90,38.12782330391854,37.98984327751009,-0.13798002640844942,25.23130612025086,25.090805026267414,-0.14050109398344546
dinov2,56,90,38.35982206808928,38.12753875716252,-0.23228331092676058,24.93842058842345,25.078898483815692,0.14047789539224098
dinov2,63,90,37.77358941244754,37.5069594668395,-0.2666299456080452,24.66557426604168,24.439453872545357,-0.2261203934963234
dinov2,70,90,38.14057008669431,37.80624709283213,-0.33432299386218034,24.798949639252882,24.76400426503217,-0.034945374220711756
dinov2,7,120,43.23202054829314,43.19577897988102,-0.036241568412123115,28.591830101158205,28.475747111556455,-0.11608298960175034
dinov2,14,120,42.35582044378873,42.202933722922765,-0.15288672086596478,27.637943625888525,27.697509030138548,0.05956540425002288
dinov2,21,120,42.249539725168376,42.211263339484,-0.038276385684376635,28.32647699366085,28.23300149859342,-0.09347549506743036
dinov2,28,120,42.26727108007515,42.19222937355695,-0.07504170651819919,28.180151595207402,28.091024239113096,-0.08912735609430555
dinov2,35,120,42.351692876852276,42.14428067991797,-0.2074121969343068,27.594295319833954,27.518324482179725,-0.07597083765422852
dinov2,42,120,42.05144070753651,41.80777110160311,-0.24366960593339826,27.796761587119505,27.70394312921908,-0.09281845790042453
dinov2,49,120,42.077744321835034,41.98131325861157,-0.09643106322346284,28.055238157589663,27.880933178254462,-0.17430497933520073
dinov2,56,120,42.72610388971934,42.55833966542951,-0.16776422428983295,27.81677852411164,28.00983828821464,0.19305976410300119
dinov2,63,120,42.17184986196103,41.92656973627309,-0.2452801256879411,27.608889531038844,27.352263193854,-0.2566263371848443
dinov2,70,120,42.28663385110576,41.97079532908381,-0.3158385220219486,27.593747877314282,27.488843467740807,-0.10490440957347502
