encoder,display_name,participant_id,horizon_min,delta_rmse_mean,delta_rmse_sd,delta_mae_mean,delta_mae_sd
clip,CLIP ViT-B/16,CGMacros-008,15,0.038088737846509166,0.045971181869792634,0.04820949610924315,0.049922337747789015
clip,CLIP ViT-B/16,CGMacros-008,30,0.09640959107586297,0.12136556822222547,0.07249426761924767,0.1151194423848338
clip,CLIP ViT-B/16,CGMacros-008,60,0.23383543324313152,0.3860464017989662,0.12496992983742708,0.27655345016214583
clip,CLIP ViT-B/16,CGMacros-008,90,0.4124376260854305,0.6026629164967389,0.14073646459606906,0.4089097917772077
clip,CLIP ViT-B/16,CGMacros-008,120,0.45485351502157734,0.7977560313061335,0.13421165420575534,0.5274774083720101
clip,CLIP ViT-B/16,CGMacros-014,15,-0.010950335741282836,0.03912324988893146,-0.0010566269509256544,0.04417133875178518
clip,CLIP ViT-B/16,CGMacros-014,30,-0.03868029688177277,0.08102335621104566,-0.019734493535661635,0.09843432913336636
clip,CLIP ViT-B/16,CGMacros-014,60,-0.10745794583975084,0.23209397543749707,-0.04763995569475181,0.278155083621203
clip,CLIP ViT-B/16,CGMacros-014,90,-0.2226685385677257,0.31716057321252256,-0.2176692228691806,0.3215517146816866
clip,CLIP ViT-B/16,CGMacros-014,120,-0.32844723612199084,0.36213332071536913,-0.3401119593565781,0.3430577616221057
clip,CLIP ViT-B/16,CGMacros-019,15,0.06117977208039527,0.08601114138632013,0.0674032196719195,0.0870528748423373
clip,CLIP ViT-B/16,CGMacros-019,30,0.1566527815765685,0.17661451313549023,0.1829932394644727,0.1777321424021779
clip,CLIP ViT-B/16,CGMacros-019,60,0.5130372965163985,0.40222246876828854,0.6143359795808008,0.412029394243442
clip,CLIP ViT-B/16,CGMacros-019,90,0.5002513459274255,0.35462339631664813,0.4990811294880245,0.3918766556994174
clip,CLIP ViT-B/16,CGMacros-019,120,0.24556718311143477,0.13832639656203619,0.18749167750507123,0.22251632089844933
clip,CLIP ViT-B/16,CGMacros-020,15,-0.15089059816316047,0.12710510223232885,-0.12094120883433526,0.10674957763413613
clip,CLIP ViT-B/16,CGMacros-020,30,-0.48450191072800486,0.30720018817315586,-0.35051892424111947,0.2380502893848973
clip,CLIP ViT-B/16,CGMacros-020,60,-0.9644946350919852,0.5525969324271834,-0.5796144261648759,0.37316195693332105
clip,CLIP ViT-B/16,CGMacros-020,90,-0.9180399921732892,0.5983727790283404,-0.5345164067846696,0.4253890855656815
clip,CLIP ViT-B/16,CGMacros-020,120,-0.7372892029305099,0.6359078511257902,-0.35897747009208414,0.45453041459540766
clip,CLIP ViT-B/16,CGMacros-034,15,0.23492041968427185,0.27855853154819404,0.152537378593044,0.21957010936895185
clip,CLIP ViT-B/16,CGMacros-034,30,0.5468318181680297,0.5986883062442644,0.35160884093517986,0.4471202360153148
clip,CLIP ViT-B/16,CGMacros-034,60,0.8426755462768817,1.0144003165753808,0.5333957321715795,0.7984924553525774
clip,CLIP ViT-B/16,CGMacros-034,90,0.6963666942805847,0.9925957827307778,0.44590788544188414,0.9118973488582024
clip,CLIP ViT-B/16,CGMacros-034,120,0.4019301716068465,0.9136168506758832,0.25850527166933157,0.9802555875553023
clip,CLIP ViT-B/16,CGMacros-039,15,-0.33429551123292567,0.3064290891161847,-0.1449387388426258,0.1938812312520446
clip,CLIP ViT-B/16,CGMacros-039,30,-0.53442707677662,0.5327375876726295,-0.265004776822871,0.3623323936114765
clip,CLIP ViT-B/16,CGMacros-039,60,-0.6754800710738345,0.7835846835393591,-0.3981060246981848,0.5874509975804065
clip,CLIP ViT-B/16,CGMacros-039,90,-0.47839631508591224,0.810483484018395,-0.29739151786877827,0.6907034173576276
clip,CLIP ViT-B/16,CGMacros-039,120,-0.25974980800670266,0.8134129477627043,-0.23046277810563964,0.7483214058763105
dinov2,DINOv2 ViT-B/14,CGMacros-008,15,-0.005308279960896378,0.012980504375178448,-0.0011685268800126103,0.018154552852106806
dinov2,DINOv2 ViT-B/14,CGMacros-008,30,-0.009467171037171696,0.050682310047914375,-0.007824375527620475,0.05896142171454539
dinov2,DINOv2 ViT-B/14,CGMacros-008,60,0.001308140957139159,0.20818490685110058,-0.050056082725827976,0.1438005832155078
dinov2,DINOv2 ViT-B/14,CGMacros-008,90,0.11983712456300388,0.37356722805261694,-0.008485207601894019,0.22438324444224375
dinov2,DINOv2 ViT-B/14,CGMacros-008,120,0.17107923964321045,0.5006818672862338,0.0034756208327447525,0.30833894166720194
dinov2,DINOv2 ViT-B/14,CGMacros-014,15,-0.020017524757177618,0.010601919857511417,-0.01345816585983597,0.014894179537902673
dinov2,DINOv2 ViT-B/14,CGMacros-014,30,-0.03659753560405079,0.040893367356879526,-0.022277201457556472,0.05552746637805147
dinov2,DINOv2 ViT-B/14,CGMacros-014,60,-0.006770619972661507,0.1329533834777955,-0.007000230933247131,0.14211398178054163
dinov2,DINOv2 ViT-B/14,CGMacros-014,90,0.05179001240193237,0.2313201359327872,-0.028484146378522368,0.1903597941977558
dinov2,DINOv2 ViT-B/14,CGMacros-014,120,0.03818024057859901,0.2808526445743168,-0.07452503350143296,0.20984460177635236
dinov2,DINOv2 ViT-B/14,CGMacros-019,15,-0.015538015493585355,0.026494171749481422,-0.011096947479008534,0.030408049999109954
dinov2,DINOv2 ViT-B/14,CGMacros-019,30,0.0034807928726310776,0.06303451524924011,0.01804553455396416,0.06712825009720363
dinov2,DINOv2 ViT-B/14,CGMacros-019,60,0.0957674055303606,0.1691824432013845,0.13381428818031207,0.17562020408714948
dinov2,DINOv2 ViT-B/14,CGMacros-019,90,0.13709908074690383,0.22203396863067834,0.10169015446778644,0.2016683890432404
dinov2,DINOv2 ViT-B/14,CGMacros-019,120,0.12987465819383673,0.2223086043915914,0.05675806166013135,0.21186749322340703
dinov2,DINOv2 ViT-B/14,CGMacros-020,15,-0.05707242685830831,0.08125802888562568,-0.0410450069333292,0.06690070032088719
dinov2,DINOv2 ViT-B/14,CGMacros-020,30,-0.2863301742102319,0.21073246250619487,-0.20150139161200792,0.15686128230015775
dinov2,DINOv2 ViT-B/14,CGMacros-020,60,-0.6079825545727878,0.3549651265506494,-0.368179421328464,0.22275438634738287
dinov2,DINOv2 ViT-B/14,CGMacros-020,90,-0.5940560621285051,0.34050221418329735,-0.3193070438828375,0.20902126891663733
dinov2,DINOv2 ViT-B/14,CGMacros-020,120,-0.4469566966141585,0.30644100871660784,-0.24465324462153965,0.21213461910624143
dinov2,DINOv2 ViT-B/14,CGMacros-034,15,0.04996584468701322,0.12139351736538341,0.033705723477121904,0.09422474935460187
dinov2,DINOv2 ViT-B/14,CGMacros-034,30,0.24276203362038834,0.3281325011626707,0.15935423460883608,0.23815612855819607
dinov2,DINOv2 ViT-B/14,CGMacros-034,60,0.37166286349581623,0.5801830016845025,0.23250734715624155,0.44468783928012906
dinov2,DINOv2 ViT-B/14,CGMacros-034,90,0.3531811191990194,0.6508325833788355,0.2509859753094588,0.5635418134867083
dinov2,DINOv2 ViT-B/14,CGMacros-034,120,0.1937730341429706,0.5867291706256237,0.18787090718665525,0.5916726454964584
dinov2,DINOv2 ViT-B/14,CGMacros-039,15,-0.10323393839741364,0.13517914419585134,-0.04994680314583437,0.08938929115333089
dinov2,DINOv2 ViT-B/14,CGMacros-039,30,-0.3450321958624407,0.3066702912393147,-0.19270288195465496,0.201353149620013
dinov2,DINOv2 ViT-B/14,CGMacros-039,60,-0.5657602930604149,0.4941602211925264,-0.3578712316900116,0.3798201781272974
dinov2,DINOv2 ViT-B/14,CGMacros-039,90,-0.5490238998517526,0.5315937057142457,-0.38078647945096333,0.46540507206623066
dinov2,DINOv2 ViT-B/14,CGMacros-039,120,-0.44307903717954245,0.5068303780007132,-0.3782106032515834,0.49149055889845794
resnet18,ResNet18,CGMacros-008,15,-0.004219444453281795,0.05105844676979952,0.017461960861472205,0.054210763150990514
resnet18,ResNet18,CGMacros-008,30,-0.034070800446737694,0.13126574457110723,0.015060783196503103,0.11126885031548005
resnet18,ResNet18,CGMacros-008,60,-0.02016634083801172,0.3271250411178304,-0.06742545704637451,0.22317789660496937
resnet18,ResNet18,CGMacros-008,90,0.13686064754236077,0.46661078115719895,-0.025981283578064306,0.2914272214089071
resnet18,ResNet18,CGMacros-008,120,0.3015961525686439,0.5415653020872124,0.013972173407838184,0.3251897046874467
resnet18,ResNet18,CGMacros-014,15,0.01884426596969444,0.0385659698025667,0.008003025310339851,0.05076451383981276
resnet18,ResNet18,CGMacros-014,30,0.05329215208856777,0.09191592680327895,0.03155810631072331,0.1245291874257641
resnet18,ResNet18,CGMacros-014,60,-0.07722555756206972,0.1665708595485138,-0.08638086382145929,0.24310034313357654
resnet18,ResNet18,CGMacros-014,90,-0.3842970027140783,0.24696293125804453,-0.31526465948488963,0.2592694606749106
resnet18,ResNet18,CGMacros-014,120,-0.5897111571898318,0.3002345256960346,-0.4897787351548324,0.27058415473382447
resnet18,ResNet18,CGMacros-019,15,0.07350404079708053,0.12466220527168817,0.06608521673976933,0.13388357889345295
resnet18,ResNet18,CGMacros-019,30,0.18258353190949972,0.25801022055437234,0.1702088972832671,0.2557251905535089
resnet18,ResNet18,CGMacros-019,60,0.48176705444582596,0.5318486685780189,0.5668790467065955,0.5454908474442152
resnet18,ResNet18,CGMacros-019,90,0.47326383651610265,0.4960558000852301,0.5323910461953817,0.5251201414375343
resnet18,ResNet18,CGMacros-019,120,0.24061189836905825,0.31770562214667003,0.2744967832772412,0.370413524088032
resnet18,ResNet18,CGMacros-020,15,-0.03313101526796007,0.1564293358127757,-0.019377987713886748,0.1278925786265084
resnet18,ResNet18,CGMacros-020,30,-0.20387918097872237,0.3270031140507708,-0.13238893279028704,0.23455081088061927
resnet18,ResNet18,CGMacros-020,60,-0.4519460359344748,0.534237735782779,-0.24340409633702115,0.3250287128289736
resnet18,ResNet18,CGMacros-020,90,-0.4239733874589014,0.5367393470083988,-0.23214427420699266,0.3865804587873608
resnet18,ResNet18,CGMacros-020,120,-0.3909351452597676,0.4866091088576482,-0.11355200316635852,0.3326908475440253
resnet18,ResNet18,CGMacros-034,15,0.08211644978512797,0.27747019149830465,0.05061152517722274,0.2153107602515023
resnet18,ResNet18,CGMacros-034,30,0.24743666382104657,0.5257746563228398,0.16787737432725755,0.3787036229720632
resnet18,ResNet18,CGMacros-034,60,0.41173924901603415,0.8127019108169571,0.20905491445912006,0.622677497081569
resnet18,ResNet18,CGMacros-034,90,0.4794810379896674,0.7980742820192624,0.24629333711230786,0.6889623265731438
resnet18,ResNet18,CGMacros-034,120,0.4077597641547623,0.7087646482704011,0.295164381812225,0.6791014185550852
resnet18,ResNet18,CGMacros-039,15,-0.21508234790851297,0.326970102405048,-0.08941714325076174,0.21089073382574822
resnet18,ResNet18,CGMacros-039,30,-0.31943231999467514,0.5339404352834268,-0.1611031875879405,0.35353349583397736
resnet18,ResNet18,CGMacros-039,60,-0.21851320328009435,0.693181231976119,-0.12113315094790025,0.4781057048176668
resnet18,ResNet18,CGMacros-039,90,-0.028031160451338622,0.6900306847766446,-0.03819678388738055,0.5305978828992747
resnet18,ResNet18,CGMacros-039,120,0.08572658797802006,0.6227563880814412,-0.04592866580600798,0.5236401450652681
vit,ViT-B/16,CGMacros-008,15,0.017108254056370776,0.056213734852915254,0.024910210222907913,0.06402364846671227
vit,ViT-B/16,CGMacros-008,30,0.04778424240643666,0.11881731085355034,0.06517174656581179,0.1284593180198247
vit,ViT-B/16,CGMacros-008,60,0.10098255243806378,0.33693486984029736,0.0871972898212782,0.266397485385311
vit,ViT-B/16,CGMacros-008,90,0.08723977235027114,0.5811739418337692,0.07444586105094544,0.42647782832072945
vit,ViT-B/16,CGMacros-008,120,0.06121236415687079,0.7942329284118859,0.053630593588743024,0.5773321362294894
vit,ViT-B/16,CGMacros-014,15,0.0038079188998061397,0.03441786936689535,0.009458383726851682,0.04450083586646413
vit,ViT-B/16,CGMacros-014,30,0.010860719910987448,0.0655336253500815,0.03635051838746275,0.09606846509725676
vit,ViT-B/16,CGMacros-014,60,0.03338461424498114,0.17763547920413258,0.0759504981848492,0.25911627441256946
vit,ViT-B/16,CGMacros-014,90,-0.0081185357933645,0.2835224703508605,0.03189359343674773,0.3296875802970152
vit,ViT-B/16,CGMacros-014,120,-0.06012013147905435,0.3511278316281892,-0.007741223807794739,0.3844350230074397
vit,ViT-B/16,CGMacros-019,15,0.022842063450818982,0.0695574772611545,0.024944498394257143,0.07033958408600406
vit,ViT-B/16,CGMacros-019,30,0.062266441855131124,0.11469120015104736,0.0678040476123721,0.12154709269322553
vit,ViT-B/16,CGMacros-019,60,0.11063186511658536,0.2397631871022453,0.15288025219039642,0.28154076606710665
vit,ViT-B/16,CGMacros-019,90,0.04182256766641146,0.18954635142906834,0.06844874089282182,0.24445307497109664
vit,ViT-B/16,CGMacros-019,120,-0.033930789600999135,0.05326372223100933,-0.02257227238263102,0.08145319348104693
vit,ViT-B/16,CGMacros-020,15,-0.022906161600744036,0.10723399209742059,-0.014594058415322842,0.09120853742510202
vit,ViT-B/16,CGMacros-020,30,-0.1449445711647222,0.23997521407877978,-0.10337535601318723,0.17105835404434208
vit,ViT-B/16,CGMacros-020,60,-0.2491990553876846,0.4253169276901823,-0.14673938451335325,0.264967822806651
vit,ViT-B/16,CGMacros-020,90,-0.16676535500856743,0.454054941580429,-0.09292496821991883,0.2988061627592646
vit,ViT-B/16,CGMacros-020,120,-0.12531555290435464,0.4933839906476522,-0.08117882838223309,0.33925400064230077
vit,ViT-B/16,CGMacros-034,15,0.08071142941472562,0.2200625307016908,0.05912340854624274,0.17553670825015663
vit,ViT-B/16,CGMacros-034,30,0.29547762469441474,0.4541398760376286,0.21521310409608319,0.3467675778630838
vit,ViT-B/16,CGMacros-034,60,0.4273778036000639,0.83272885495309,0.3202475755274408,0.6797558796717692
vit,ViT-B/16,CGMacros-034,90,0.2993249818808401,0.8515784705850469,0.25214593945368086,0.7911479159456468
vit,ViT-B/16,CGMacros-034,120,0.17410243870305847,0.8050657702991528,0.16558228034291603,0.8771836138283996
vit,ViT-B/16,CGMacros-039,15,-0.14093393548128114,0.24068792760992436,-0.0752786296703821,0.14622066693183688
vit,ViT-B/16,CGMacros-039,30,-0.30892493168734275,0.36098181782704625,-0.20273817247640621,0.2568147777247312
vit,ViT-B/16,CGMacros-039,60,-0.32582233417507356,0.5901016695435881,-0.310044685929541,0.4914229720093291
vit,ViT-B/16,CGMacros-039,90,-0.1636538736506253,0.695136393299007,-0.22630654091368427,0.6046358581059044
vit,ViT-B/16,CGMacros-039,120,-0.07087169379819329,0.7248015102673715,-0.1537696378290235,0.6802571934787621
