encoder,display_name,horizon_min,rmse_mean,rmse_sd,mae_mean,mae_sd,delta_rmse_vs_fed_cgm_time_mean,delta_rmse_vs_fed_cgm_time_sd,delta_mae_vs_fed_cgm_time_mean,delta_mae_vs_fed_cgm_time_sd
resnet18,ResNet18,15,12.3432394465055,0.2846596977212565,8.500001454588634,0.2739385111869415,-0.039205678106670125,0.04658443837751978,0.005474729035898918,0.02290020458022121
resnet18,ResNet18,30,20.156131774319423,0.2719974711523672,13.652096081868851,0.29071050981473684,-0.06256944946438026,0.08564053844506525,0.014980972280951476,0.05738227200988618
resnet18,ResNet18,60,31.022200148649944,0.2277079075591029,20.48586887220253,0.24819758674528483,-0.05655608313689946,0.14128991436696617,0.042184037107054095,0.13716853317998146
resnet18,ResNet18,90,38.07260645474262,0.28049181520990474,24.998250459277408,0.3378820385998115,-0.014537565178940781,0.1578858531515706,0.02712956157613213,0.1335234723733778
resnet18,ResNet18,120,42.37480124363519,0.34150526996796177,27.908866326593643,0.38131996065224893,-0.0022104869983415655,0.15431960788950108,-0.011345004698644346,0.11980835635837755
vit,ViT-B/16,15,12.359786860509995,0.29199127854351437,8.499258557790867,0.2583377908071388,-0.0226582641021734,0.03025051155568776,0.004731832238131517,0.02496255367713946
vit,ViT-B/16,30,20.16780546746312,0.2971100957231271,13.65010798454072,0.25801993792403366,-0.050895756320684174,0.04613496494772836,0.012992874952817424,0.050038585542752555
vit,ViT-B/16,60,31.01871975408988,0.2591965806382231,20.47342461637455,0.19415420330861274,-0.060036477696958454,0.06812823295269946,0.02973978127906989,0.12300446128651535
vit,ViT-B/16,90,38.05311550674355,0.30611286880431293,24.988999272095384,0.2831406776432799,-0.03402851317800355,0.08646773019823537,0.017878374394109286,0.14789193461372718
vit,ViT-B/16,120,42.34830539654778,0.31494101723200085,27.91255774247089,0.3554361341483648,-0.028706334085757134,0.09708500584744437,-0.007653588821393243,0.14801141382149532
clip,CLIP ViT-B/16,15,12.317655486944806,0.27922685646286194,8.494633080211779,0.2615405112409931,-0.06478963766736304,0.047301214632029236,0.00010635465904282882,0.022762683744833995
clip,CLIP ViT-B/16,30,20.097961225437285,0.2708153079548115,13.632153631344394,0.2801637842310444,-0.12073999834651446,0.07798603404477335,-0.004961478243507678,0.04664845184996191
clip,CLIP ViT-B/16,60,30.889652629323507,0.20925874829102872,20.484090518483807,0.2786424213928864,-0.18910360246333546,0.10198682768690209,0.040405683388326355,0.13607608052613018
clip,CLIP ViT-B/16,90,37.93737528946866,0.26991327327364273,24.976442007275885,0.3246132700903741,-0.14976873045289024,0.10758698426469798,0.005321109574603966,0.15411091211456227
clip,CLIP ViT-B/16,120,42.258915798028355,0.3035529663218173,27.861636750653865,0.3617783832450895,-0.11809593260518128,0.12733654060079552,-0.05857458063841996,0.14108840966650796
dinov2,DINOv2 ViT-B/14,15,12.348609831681147,0.3038927832089394,8.480687863830367,0.2598691293441251,-0.033835292931023456,0.027493059421547873,-0.01383886172236739,0.010978281885069519
dinov2,DINOv2 ViT-B/14,30,20.105985571849104,0.30517116581289777,13.595879620035735,0.26130346194745113,-0.11271565193469577,0.06714807009577967,-0.04123548955216627,0.030227551566648473
dinov2,DINOv2 ViT-B/14,60,30.864493523399148,0.28816924175979697,20.373930526141354,0.194370768159587,-0.2142627083876924,0.10601286256628625,-0.06975430895412629,0.06662812090985554
dinov2,DINOv2 ViT-B/14,90,37.89242510199605,0.36194706174086494,24.906819900909532,0.28199793378165355,-0.19471891792550125,0.1012598479782179,-0.06430099679174077,0.10020379799955517
dinov2,DINOv2 ViT-B/14,120,42.21912751867637,0.40119145576179266,27.84514276188643,0.35829569029571445,-0.15788421195715543,0.0956060722806246,-0.07506856940586353,0.12304240246385689
