comparison,horizon,mean_improvement_pct,sd_across_seeds_pct,improved_seeds
CGM -> CGM+Time,15,4.082037530695393,1.3869373131697187,10
CGM+Time -> + ResNet18,15,0.2450542515147624,0.17634376453779257,9
CGM+Time -> + ViT-B/16,15,0.21289881677947536,0.21163460073989737,8
CGM+Time -> + CLIP ViT-B/16,15,0.11426651419898667,0.20917365591186593,7
CGM+Time -> + DINOv2 ViT-B/14,15,0.23378215025289775,0.20799387963461935,9
CGM -> CGM+Time,30,6.791427350645331,0.7889352494278433,10
CGM+Time -> + ResNet18,30,0.48482315194452397,0.19084009795466644,10
CGM+Time -> + ViT-B/16,30,0.3932223323653517,0.2921681376122186,10
CGM+Time -> + CLIP ViT-B/16,30,0.3054383594176194,0.19491079264607467,9
CGM+Time -> + DINOv2 ViT-B/14,30,0.4439483975731039,0.26885148647881013,10
CGM -> CGM+Time,60,4.5161275314616125,1.0839393077594996,10
CGM+Time -> + ResNet18,60,0.6991773187154202,0.17441794403754593,10
CGM+Time -> + ViT-B/16,60,0.48294122039687537,0.29618840809045116,10
CGM+Time -> + CLIP ViT-B/16,60,0.5204555469377953,0.16226690559069842,10
CGM+Time -> + DINOv2 ViT-B/14,60,0.46551306577698115,0.3427694801676575,10
CGM -> CGM+Time,90,1.8075287762693908,1.1351100692202847,9
CGM+Time -> + ResNet18,90,0.63251787386991,0.13927917077312604,10
CGM+Time -> + ViT-B/16,90,0.3908230227377027,0.21375989591255565,10
CGM+Time -> + CLIP ViT-B/16,90,0.420501946066518,0.14216485346214772,10
CGM+Time -> + DINOv2 ViT-B/14,90,0.21282778344337888,0.36949850028592307,7
CGM -> CGM+Time,120,0.5166685663760432,1.0924361480306641,6
CGM+Time -> + ResNet18,120,0.5877635108148155,0.12995284313515054,10
CGM+Time -> + ViT-B/16,120,0.3507158851891926,0.1772896943333932,10
CGM+Time -> + CLIP ViT-B/16,120,0.35826519949520946,0.14339261474097756,10
CGM+Time -> + DINOv2 ViT-B/14,120,0.06625774515203013,0.3469586422107057,4
