rank,config_name,local_epochs,clients_per_round,client_fraction,early_stop_patience,best_val_loss_mean,best_val_loss_std,best_round_mean,best_round_std,rounds_run_mean,rounds_run_std,mean_rmse_mean,mean_rmse_std,mean_mae_mean,mean_mae_std,rmse_15_mean,rmse_15_std,mae_15_mean,mae_15_std,rmse_30_mean,rmse_30_std,mae_30_mean,mae_30_std,rmse_60_mean,rmse_60_std,mae_60_mean,mae_60_std,rmse_90_mean,rmse_90_std,mae_90_mean,mae_90_std,rmse_120_mean,rmse_120_std,mae_120_mean,mae_120_std
1,E5_C15_P20,5,15,0.5,20,0.409169340133667,0.009308579161328132,52.4,18.367846302105693,72.1,17.829127229838758,25.35972850773134,0.32060561422905454,17.149235498384613,0.41543237638893316,11.624442963626379,0.3203004183814027,8.024946280992275,0.24465046768526422,18.642322886390623,0.36929082099848126,12.747410296186763,0.21078478610594467,27.32917002800695,0.33477227794511855,18.348056519571628,0.3824597119324208,32.87746862311663,0.3130389968208212,22.054839175068906,0.5728808329866578,36.32523803751614,0.3445418945364144,24.570925220103483,0.6995115113314307
2,E2_C15_P20,2,15,0.5,20,0.4145359367132187,0.006700938529959743,46.9,13.152524050116348,66.9,13.152524050116348,25.73660789347328,0.29333755007133794,17.464639868777958,0.3076117018525864,12.734263640464066,0.5743714404698953,8.693987416541749,0.36659341410083374,19.50216640498086,0.5394071724576414,13.245425259372357,0.30913875375598737,27.70497585640867,0.28669956004722336,18.664611646744937,0.28630171726609094,32.84142241695216,0.16787198662881955,22.190289032579525,0.3711672448002385,35.90021114856064,0.1579068399376978,24.528885988651233,0.43629324883178544
3,E2_C30_P10,2,30,1.0,10,0.4158094316720963,0.002120324865474765,98.1,2.514402955419481,100.0,0.0,25.58476069147293,0.07185558616059327,16.976028451973786,0.043209544583991275,11.80562339599406,0.10346305646590805,8.135876863736765,0.0756305498663541,18.82808065751447,0.08487468095461129,12.8132678983963,0.04953472980317348,27.618642660311366,0.07864233815707948,18.226565200399822,0.03817354146735344,33.15224413096893,0.10358401643687949,21.699487202340258,0.05890279444288793,36.51921261257583,0.11404447993082785,24.004945094995783,0.0611519914341135
4,E2_C30_P20,2,30,1.0,20,0.4158094316720963,0.002120324865474765,98.1,2.514402955419481,100.0,0.0,25.58476069147293,0.07185558616059327,16.976028451973786,0.043209544583991275,11.80562339599406,0.10346305646590805,8.135876863736765,0.0756305498663541,18.82808065751447,0.08487468095461129,12.8132678983963,0.04953472980317348,27.618642660311366,0.07864233815707948,18.226565200399822,0.03817354146735344,33.15224413096893,0.10358401643687949,21.699487202340258,0.05890279444288793,36.51921261257583,0.11404447993082785,24.004945094995783,0.0611519914341135
5,E5_C30_P10,5,30,1.0,10,0.42166032195091246,0.0073639266192252065,97.9,2.3781411975649296,100.0,0.0,25.78531284178802,0.2966947864711489,17.229902400241574,0.3222711944253999,11.92777533925268,0.4555151291668832,8.199827094082437,0.28725225247428304,19.046913145107716,0.45985109796942314,12.983097127076501,0.3190272595715188,27.999927339969723,0.46811593603690377,18.595972604637883,0.4447025064552759,33.40648464991362,0.2430798144499776,22.083456479815744,0.3835376299178436,36.54546373469636,0.32668245858056455,24.287158695595302,0.28557392848497976
6,E5_C30_P20,5,30,1.0,20,0.42166032195091246,0.0073639266192252065,97.9,2.3781411975649296,100.0,0.0,25.78531284178802,0.2966947864711489,17.229902400241574,0.3222711944253999,11.92777533925268,0.4555151291668832,8.199827094082437,0.28725225247428304,19.046913145107716,0.45985109796942314,12.983097127076501,0.3190272595715188,27.999927339969723,0.46811593603690377,18.595972604637883,0.4447025064552759,33.40648464991362,0.2430798144499776,22.083456479815744,0.3835376299178436,36.54546373469636,0.32668245858056455,24.287158695595302,0.28557392848497976
7,E2_C15_P10,2,15,0.5,10,0.42216500639915466,0.006296845731042366,36.2,6.373556481449131,46.2,6.373556481449131,26.03546313244953,0.20850959417595455,17.71435491492733,0.23430553311577126,13.182226019515204,0.34427759338668723,9.025410675869844,0.18738595651160012,19.90723119447443,0.2821404542189031,13.53460183652378,0.13663926179660862,27.9822741316889,0.25790319307380294,18.88521240276359,0.2651876597105992,33.03989138885211,0.2751707241147837,22.39460522261281,0.4074431166089256,36.065692927717,0.27200705766173466,24.731944436866623,0.4636141954631513
8,E1_C30_P10,1,30,1.0,10,0.42895314693450926,0.0025276427059446674,99.0,1.6329931618554527,100.0,0.0,26.1129016858917,0.09101831385114591,17.383159359089063,0.05360234121333673,12.626106201513958,0.1706296658700728,8.6431506124209,0.09637974343937843,19.531948134108877,0.10430997132818733,13.261385198468938,0.05487326813064548,28.19079272437018,0.10473943291242016,18.64719559667454,0.05457068647255514,33.49355625351494,0.1588689390872997,22.049568154997722,0.08716676604661493,36.722105115950555,0.11658338257719762,24.314497232883213,0.06674089308895992
9,E1_C30_P20,1,30,1.0,20,0.42895314693450926,0.0025276427059446674,99.0,1.6329931618554527,100.0,0.0,26.1129016858917,0.09101831385114591,17.383159359089063,0.05360234121333673,12.626106201513958,0.1706296658700728,8.6431506124209,0.09637974343937843,19.531948134108877,0.10430997132818733,13.261385198468938,0.05487326813064548,28.19079272437018,0.10473943291242016,18.64719559667454,0.05457068647255514,33.49355625351494,0.1588689390872997,22.049568154997722,0.08716676604661493,36.722105115950555,0.11658338257719762,24.314497232883213,0.06674089308895992
10,E5_C15_P10,5,15,0.5,10,0.4402612566947937,0.01319335768934333,15.7,7.379400758568107,25.7,7.379400758568107,26.51072062730799,0.5013547819190146,18.290736446146205,0.5117863513816493,13.100598473035646,0.9508601868658921,9.026757206253524,0.5484801665066581,20.059589065516136,0.6987524437757361,13.620764487210272,0.31330158057373675,28.512149895837933,0.4736223204959224,19.431459661592804,0.5299100577389941,33.772196072048644,0.4044655964244135,23.323736864892908,0.7531476793281211,37.1090696301016,0.4495965965041451,26.050964010781524,0.9471420112333973
11,E1_C15_P20,1,15,0.5,20,0.44147329330444335,0.009703609207337576,61.3,8.59004591890456,81.3,8.590045918904561,26.761993381048036,0.3636454717324076,17.78532933654132,0.2501393867925436,14.303992433900898,0.7597285089260243,9.507771400771203,0.40675363421519095,20.759589522372572,0.5167222703302444,13.87791191947748,0.29508200880209867,28.731675636379077,0.38594236454969016,18.960996518299797,0.25938020109625515,33.60498560156953,0.33472318307755405,22.213740676977846,0.21912070455610086,36.4097237110181,0.3442576923342052,24.366226167180276,0.21672815034948104
12,E1_C15_P10,1,15,0.5,10,0.44394787549972536,0.010367745136163637,50.3,11.566714697306617,60.3,11.566714697306617,26.939639647434994,0.4017999925551513,18.077895153646256,0.3410914641292207,14.960893987467973,0.8717616688426947,9.996995327004013,0.5429334884861498,21.184633330840995,0.5736750973682064,14.193851302965305,0.3247156342945531,28.838682198230742,0.3729362573185462,19.184510620406407,0.2658240124982342,33.5249144083621,0.3146699486931381,22.410885472287465,0.3119974940588898,36.189074312273156,0.22324883569759765,24.60323304556809,0.3846054412389012
