config_name,seed,local_epochs,clients_per_round,client_fraction,early_stop_patience,max_rounds,rounds_run,best_round,best_val_loss,best_lr,checkpoint_dir,rmse_15,mae_15,rmse_30,mae_30,rmse_60,mae_60,rmse_90,mae_90,rmse_120,mae_120,mean_rmse,mean_mae
E1_C15_P10,7,1,15,0.5,10,100,58,48,0.4371137320995331,5e-05,/content/drive/MyDrive/dissertation/experiments/7_federated_learning/results/configuration_tuning/fed_cgm_multiseed/checkpoints/E1_C15_P10/seed_7,14.81338036162241,9.89005416734836,20.782906954120726,14.078539610360966,28.505321910199115,19.204824466174692,33.342255451724796,22.500019780447342,36.09476433254466,24.819322014263157,26.70772580204234,18.098552007718904
E1_C15_P10,14,1,15,0.5,10,100,72,62,0.464043527841568,1.25e-05,/content/drive/MyDrive/dissertation/experiments/7_federated_learning/results/configuration_tuning/fed_cgm_multiseed/checkpoints/E1_C15_P10/seed_14,16.089088295513854,10.350119103921804,21.993167947527976,14.483783535095792,29.57392375358272,19.253308257077016,34.01268833340409,22.34567458905856,36.65191562103023,24.38433206313905,27.66415679021177,18.163443509658446
E1_C15_P10,21,1,15,0.5,10,100,46,36,0.45244917273521423,0.0001,/content/drive/MyDrive/dissertation/experiments/7_federated_learning/results/configuration_tuning/fed_cgm_multiseed/checkpoints/E1_C15_P10/seed_21,16.19287024178916,10.856991333642235,21.90744770551522,14.754752773656936,29.006181987587524,19.594457562317437,33.544024790249324,22.76982429898576,36.13613531239177,25.147977337185594,27.357332007506603,18.62480066115759
E1_C15_P10,28,1,15,0.5,10,100,81,71,0.44450196623802185,1.25e-05,/content/drive/MyDrive/dissertation/experiments/7_federated_learning/results/configuration_tuning/fed_cgm_multiseed/checkpoints/E1_C15_P10/seed_28,14.652209981549218,9.673236496825352,20.995197149297162,13.972557984984494,28.670788940019776,19.094333781397186,33.99671449064607,22.479649247134798,36.204074769657296,24.462533017481842,26.903797066233903,17.936462105564736
E1_C15_P10,35,1,15,0.5,10,100,66,56,0.4434998035430908,2.5e-05,/content/drive/MyDrive/dissertation/experiments/7_federated_learning/results/configuration_tuning/fed_cgm_multiseed/checkpoints/E1_C15_P10/seed_35,14.127303776181002,9.399402946115305,20.961679866843685,13.94174704206205,29.201068598277526,19.093159584225006,33.68060199550293,22.04885029572662,36.18095175291985,24.05779896534681,26.830321197945,17.70819176669516
E1_C15_P10,42,1,15,0.5,10,100,56,46,0.4325144290924072,5e-05,/content/drive/MyDrive/dissertation/experiments/7_federated_learning/results/configuration_tuning/fed_cgm_multiseed/checkpoints/E1_C15_P10/seed_42,14.819835110354495,9.953664099874937,20.59677747094959,13.99863468824414,28.41742356300696,18.89153737762367,33.29667161074453,22.225492465638197,35.743168262216315,24.449673769795467,26.574775203454372,17.903800480235283
E1_C15_P10,49,1,15,0.5,10,100,42,32,0.45556649565696716,0.0001,/content/drive/MyDrive/dissertation/experiments/7_federated_learning/results/configuration_tuning/fed_cgm_multiseed/checkpoints/E1_C15_P10/seed_49,16.22597754781878,10.938183346045415,22.08719755583224,14.698500996341547,28.94563405451164,19.49020528487203,33.68016532071591,22.976001287709316,36.31604933113355,25.285727124635468,27.451004762002423,18.677723607920754
E1_C15_P10,56,1,15,0.5,10,100,58,48,0.4333294928073883,5e-05,/content/drive/MyDrive/dissertation/experiments/7_federated_learning/results/configuration_tuning/fed_cgm_multiseed/checkpoints/E1_C15_P10/seed_56,14.151244175407031,9.529494743382154,20.900810464831412,13.880248315776754,28.382271557926163,18.68575568856613,33.12519087309526,21.917126585663876,36.124037744786804,24.24083500777279,26.536710963209337,17.65069206823234
E1_C15_P10,63,1,15,0.5,10,100,58,48,0.43857496976852417,5e-05,/content/drive/MyDrive/dissertation/experiments/7_federated_learning/results/configuration_tuning/fed_cgm_multiseed/checkpoints/E1_C15_P10/seed_63,14.23270025181238,9.78898728923745,20.905884329595633,14.070748169915605,28.754857064833413,19.223779552509864,33.390229417175135,22.44981446133517,36.194575942348386,24.621035111653846,26.69564940115299,18.030872916930388
E1_C15_P10,70,1,15,0.5,10,100,66,56,0.4378851652145386,2.5e-05,/content/drive/MyDrive/dissertation/experiments/7_federated_learning/results/configuration_tuning/fed_cgm_multiseed/checkpoints/E1_C15_P10/seed_70,14.304330132631405,9.58981974364712,20.715263863896297,14.058999913214763,28.929350552362614,19.31374464930106,33.18060180036296,22.396401711175,36.24507005370273,24.563096044406873,26.6749232805912,17.984412412348966
E1_C15_P20,7,1,15,0.5,20,100,68,48,0.4371137320995331,5e-05,/content/drive/MyDrive/dissertation/experiments/7_federated_learning/results/configuration_tuning/fed_cgm_multiseed/checkpoints/E1_C15_P20/seed_7,14.81338036162241,9.89005416734836,20.782906954120726,14.078539610360966,28.505321910199115,19.204824466174692,33.342255451724796,22.500019780447342,36.09476433254466,24.819322014263157,26.70772580204234,18.098552007718904
E1_C15_P20,14,1,15,0.5,20,100,82,62,0.464043527841568,1.25e-05,/content/drive/MyDrive/dissertation/experiments/7_federated_learning/results/configuration_tuning/fed_cgm_multiseed/checkpoints/E1_C15_P20/seed_14,16.089088295513854,10.350119103921804,21.993167947527976,14.483783535095792,29.57392375358272,19.253308257077016,34.01268833340409,22.34567458905856,36.65191562103023,24.38433206313905,27.66415679021177,18.163443509658446
E1_C15_P20,21,1,15,0.5,20,100,81,61,0.44295814633369446,2.5e-05,/content/drive/MyDrive/dissertation/experiments/7_federated_learning/results/configuration_tuning/fed_cgm_multiseed/checkpoints/E1_C15_P20/seed_21,14.034318491214968,9.484631419028757,20.511938404087825,13.833363460306362,28.692818430963996,18.96922377350497,33.78167271727309,22.237366300633617,36.71692679573729,24.39463829290098,26.747534967855433,17.783844649274936
E1_C15_P20,28,1,15,0.5,20,100,91,71,0.44450196623802185,1.25e-05,/content/drive/MyDrive/dissertation/experiments/7_federated_learning/results/configuration_tuning/fed_cgm_multiseed/checkpoints/E1_C15_P20/seed_28,14.652209981549218,9.673236496825352,20.995197149297162,13.972557984984494,28.670788940019776,19.094333781397186,33.99671449064607,22.479649247134798,36.204074769657296,24.462533017481842,26.903797066233903,17.936462105564736
E1_C15_P20,35,1,15,0.5,20,100,89,69,0.44317692518234253,6.25e-06,/content/drive/MyDrive/dissertation/experiments/7_federated_learning/results/configuration_tuning/fed_cgm_multiseed/checkpoints/E1_C15_P20/seed_35,13.803021817180474,9.174920545138923,20.729901795642192,13.806575321954385,29.097385425518585,19.03594840086771,33.76040756519169,22.088932823617316,36.40850731937958,24.153418877000146,26.759844784582505,17.651959193715697
E1_C15_P20,42,1,15,0.5,20,100,80,60,0.42902663350105286,1.25e-05,/content/drive/MyDrive/dissertation/experiments/7_federated_learning/results/configuration_tuning/fed_cgm_multiseed/checkpoints/E1_C15_P20/seed_42,13.957587107771326,9.252708791921131,20.021261054579693,13.497552298508227,28.23373666840282,18.679743791916653,33.430071368388425,22.140053155538105,36.00447138027868,24.25963047719155,26.32942551588419,17.565937703015134
E1_C15_P20,49,1,15,0.5,20,100,87,67,0.44728973507881165,6.25e-06,/content/drive/MyDrive/dissertation/experiments/7_federated_learning/results/configuration_tuning/fed_cgm_multiseed/checkpoints/E1_C15_P20/seed_49,13.947120564225294,9.194235877442601,20.598050130336578,13.653614695172031,28.6652110109025,18.74652855038388,33.93515237594722,22.159295239123463,37.1033150373401,24.32518065547914,26.849769823750343,17.615771003520223
E1_C15_P20,56,1,15,0.5,20,100,68,48,0.4333294928073883,5e-05,/content/drive/MyDrive/dissertation/experiments/7_federated_learning/results/configuration_tuning/fed_cgm_multiseed/checkpoints/E1_C15_P20/seed_56,14.151244175407031,9.529494743382154,20.900810464831412,13.880248315776754,28.382271557926163,18.68575568856613,33.12519087309526,21.917126585663876,36.124037744786804,24.24083500777279,26.536710963209337,17.65069206823234
E1_C15_P20,63,1,15,0.5,20,100,91,71,0.4354076087474823,6.25e-06,/content/drive/MyDrive/dissertation/experiments/7_federated_learning/results/configuration_tuning/fed_cgm_multiseed/checkpoints/E1_C15_P20/seed_63,13.287623411893017,8.938493119055837,20.34739745940585,13.513884059401034,28.565948113912494,18.62655382380869,33.48510103966171,21.87288733738637,36.544154055723645,24.059275222167223,26.446044816119343,17.402218712363833
E1_C15_P20,70,1,15,0.5,20,100,76,56,0.4378851652145386,2.5e-05,/content/drive/MyDrive/dissertation/experiments/7_federated_learning/results/configuration_tuning/fed_cgm_multiseed/checkpoints/E1_C15_P20/seed_70,14.304330132631405,9.58981974364712,20.715263863896297,14.058999913214763,28.929350552362614,19.31374464930106,33.18060180036296,22.396401711175,36.24507005370273,24.563096044406873,26.6749232805912,17.984412412348966
E1_C30_P10,7,1,30,1.0,10,100,100,100,0.4304288625717163,2.5e-05,/content/drive/MyDrive/dissertation/experiments/7_federated_learning/results/configuration_tuning/fed_cgm_multiseed/checkpoints/E1_C30_P10/seed_7,12.65490639734404,8.620747897953697,19.57519701609259,13.357957816758093,28.18715602301997,18.724396984411722,33.61390307077417,22.204870133383928,36.76135565437513,24.441760756779214,26.158503632321178,17.469946717857333
E1_C30_P10,14,1,30,1.0,10,100,100,97,0.4310741722583771,2.5e-05,/content/drive/MyDrive/dissertation/experiments/7_federated_learning/results/configuration_tuning/fed_cgm_multiseed/checkpoints/E1_C30_P10/seed_14,12.856249241356185,8.79810032694393,19.688332994527936,13.322764451188146,28.29008544348129,18.667920298329992,33.53145743172007,22.014650781597066,36.70513170920706,24.27735967260003,26.21425136405851,17.416159106131833
E1_C30_P10,21,1,30,1.0,10,100,100,100,0.43402671813964844,2.5e-05,/content/drive/MyDrive/dissertation/experiments/7_federated_learning/results/configuration_tuning/fed_cgm_multiseed/checkpoints/E1_C30_P10/seed_21,12.828879900756943,8.733283352363514,19.658543176449978,13.304681549958591,28.276877010094932,18.714845301069204,33.75898564801909,22.171067148580057,36.888702066472504,24.37552164953005,26.282397560358685,17.459879800300282
E1_C30_P10,28,1,30,1.0,10,100,100,100,0.4293116629123688,2.5e-05,/content/drive/MyDrive/dissertation/experiments/7_federated_learning/results/configuration_tuning/fed_cgm_multiseed/checkpoints/E1_C30_P10/seed_28,12.712176079934295,8.671566771061476,19.542874856216258,13.269130545149372,28.084858172205205,18.590988868239894,33.58964461521912,22.044724977377246,36.72441192016303,24.27416160674461,26.13079312874758,17.370114553714522
E1_C30_P10,35,1,30,1.0,10,100,100,100,0.42708978056907654,2.5e-05,/content/drive/MyDrive/dissertation/experiments/7_federated_learning/results/configuration_tuning/fed_cgm_multiseed/checkpoints/E1_C30_P10/seed_35,12.425186008978784,8.487534703832269,19.450082080008173,13.206510948617318,28.256969767349098,18.635838977017194,33.47304296934969,21.949733753023583,36.577638332070556,24.231576413067426,26.036583831551262,17.30223895911156
E1_C30_P10,42,1,30,1.0,10,100,100,96,0.4282451868057251,2.5e-05,/content/drive/MyDrive/dissertation/experiments/7_federated_learning/results/configuration_tuning/fed_cgm_multiseed/checkpoints/E1_C30_P10/seed_42,12.762517602511524,8.745878249809524,19.51854275334728,13.249986541384187,28.110030860355128,18.614892637368847,33.5400232698362,22.096520660689613,36.61699428311413,24.267649205020355,26.10962175383285,17.394985458854507
E1_C30_P10,49,1,30,1.0,10,100,100,100,0.429945170879364,2.5e-05,/content/drive/MyDrive/dissertation/experiments/7_federated_learning/results/configuration_tuning/fed_cgm_multiseed/checkpoints/E1_C30_P10/seed_49,12.66244472298362,8.643929888574547,19.446105436914447,13.215105986587865,28.063159403500197,18.569227209648055,33.54615902866585,22.07462870388795,36.92528199264912,24.372806483997334,26.128630116942645,17.37513965453915
E1_C30_P10,56,1,30,1.0,10,100,100,97,0.42553943395614624,2.5e-05,/content/drive/MyDrive/dissertation/experiments/7_federated_learning/results/configuration_tuning/fed_cgm_multiseed/checkpoints/E1_C30_P10/seed_56,12.467417313982596,8.55863982538534,19.486009794446534,13.18375839891145,28.051064243469835,18.594981627783547,33.30946447605679,21.9567144045805,36.66381524093904,24.339679864261246,25.995554213778956,17.326754824184416
E1_C30_P10,63,1,30,1.0,10,100,100,100,0.4272513687610626,2.5e-05,/content/drive/MyDrive/dissertation/experiments/7_federated_learning/results/configuration_tuning/fed_cgm_multiseed/checkpoints/E1_C30_P10/seed_63,12.5130806681603,8.615019773729932,19.605407994971532,13.269089836696716,28.26021041959381,18.66182245052178,33.343529571064295,21.99718535378671,36.60012363488248,24.250798421385674,26.064470457734483,17.358783167224164
E1_C30_P10,70,1,30,1.0,10,100,100,100,0.42661911249160767,2.5e-05,/content/drive/MyDrive/dissertation/experiments/7_federated_learning/results/configuration_tuning/fed_cgm_multiseed/checkpoints/E1_C30_P10/seed_70,12.378204079131281,8.556805334554758,19.348385238114044,13.234865909437636,28.327515900632353,18.697041612355143,33.22935245444414,21.9855856330706,36.75759632563252,24.313658255446178,26.00821079959087,17.357591348972864
E1_C30_P20,7,1,30,1.0,20,100,100,100,0.4304288625717163,2.5e-05,/content/drive/MyDrive/dissertation/experiments/7_federated_learning/results/configuration_tuning/fed_cgm_multiseed/checkpoints/E1_C30_P20/seed_7,12.65490639734404,8.620747897953697,19.57519701609259,13.357957816758093,28.18715602301997,18.724396984411722,33.61390307077417,22.204870133383928,36.76135565437513,24.441760756779214,26.158503632321178,17.469946717857333
E1_C30_P20,14,1,30,1.0,20,100,100,97,0.4310741722583771,2.5e-05,/content/drive/MyDrive/dissertation/experiments/7_federated_learning/results/configuration_tuning/fed_cgm_multiseed/checkpoints/E1_C30_P20/seed_14,12.856249241356185,8.79810032694393,19.688332994527936,13.322764451188146,28.29008544348129,18.667920298329992,33.53145743172007,22.014650781597066,36.70513170920706,24.27735967260003,26.21425136405851,17.416159106131833
E1_C30_P20,21,1,30,1.0,20,100,100,100,0.43402671813964844,2.5e-05,/content/drive/MyDrive/dissertation/experiments/7_federated_learning/results/configuration_tuning/fed_cgm_multiseed/checkpoints/E1_C30_P20/seed_21,12.828879900756943,8.733283352363514,19.658543176449978,13.304681549958591,28.276877010094932,18.714845301069204,33.75898564801909,22.171067148580057,36.888702066472504,24.37552164953005,26.282397560358685,17.459879800300282
E1_C30_P20,28,1,30,1.0,20,100,100,100,0.4293116629123688,2.5e-05,/content/drive/MyDrive/dissertation/experiments/7_federated_learning/results/configuration_tuning/fed_cgm_multiseed/checkpoints/E1_C30_P20/seed_28,12.712176079934295,8.671566771061476,19.542874856216258,13.269130545149372,28.084858172205205,18.590988868239894,33.58964461521912,22.044724977377246,36.72441192016303,24.27416160674461,26.13079312874758,17.370114553714522
E1_C30_P20,35,1,30,1.0,20,100,100,100,0.42708978056907654,2.5e-05,/content/drive/MyDrive/dissertation/experiments/7_federated_learning/results/configuration_tuning/fed_cgm_multiseed/checkpoints/E1_C30_P20/seed_35,12.425186008978784,8.487534703832269,19.450082080008173,13.206510948617318,28.256969767349098,18.635838977017194,33.47304296934969,21.949733753023583,36.577638332070556,24.231576413067426,26.036583831551262,17.30223895911156
E1_C30_P20,42,1,30,1.0,20,100,100,96,0.4282451868057251,2.5e-05,/content/drive/MyDrive/dissertation/experiments/7_federated_learning/results/configuration_tuning/fed_cgm_multiseed/checkpoints/E1_C30_P20/seed_42,12.762517602511524,8.745878249809524,19.51854275334728,13.249986541384187,28.110030860355128,18.614892637368847,33.5400232698362,22.096520660689613,36.61699428311413,24.267649205020355,26.10962175383285,17.394985458854507
E1_C30_P20,49,1,30,1.0,20,100,100,100,0.429945170879364,2.5e-05,/content/drive/MyDrive/dissertation/experiments/7_federated_learning/results/configuration_tuning/fed_cgm_multiseed/checkpoints/E1_C30_P20/seed_49,12.66244472298362,8.643929888574547,19.446105436914447,13.215105986587865,28.063159403500197,18.569227209648055,33.54615902866585,22.07462870388795,36.92528199264912,24.372806483997334,26.128630116942645,17.37513965453915
E1_C30_P20,56,1,30,1.0,20,100,100,97,0.42553943395614624,2.5e-05,/content/drive/MyDrive/dissertation/experiments/7_federated_learning/results/configuration_tuning/fed_cgm_multiseed/checkpoints/E1_C30_P20/seed_56,12.467417313982596,8.55863982538534,19.486009794446534,13.18375839891145,28.051064243469835,18.594981627783547,33.30946447605679,21.9567144045805,36.66381524093904,24.339679864261246,25.995554213778956,17.326754824184416
E1_C30_P20,63,1,30,1.0,20,100,100,100,0.4272513687610626,2.5e-05,/content/drive/MyDrive/dissertation/experiments/7_federated_learning/results/configuration_tuning/fed_cgm_multiseed/checkpoints/E1_C30_P20/seed_63,12.5130806681603,8.615019773729932,19.605407994971532,13.269089836696716,28.26021041959381,18.66182245052178,33.343529571064295,21.99718535378671,36.60012363488248,24.250798421385674,26.064470457734483,17.358783167224164
E1_C30_P20,70,1,30,1.0,20,100,100,100,0.42661911249160767,2.5e-05,/content/drive/MyDrive/dissertation/experiments/7_federated_learning/results/configuration_tuning/fed_cgm_multiseed/checkpoints/E1_C30_P20/seed_70,12.378204079131281,8.556805334554758,19.348385238114044,13.234865909437636,28.327515900632353,18.697041612355143,33.22935245444414,21.9855856330706,36.75759632563252,24.313658255446178,26.00821079959087,17.357591348972864
E2_C15_P10,7,2,15,0.5,10,100,41,31,0.43520477414131165,5e-05,/content/drive/MyDrive/dissertation/experiments/7_federated_learning/results/configuration_tuning/fed_cgm_multiseed/checkpoints/E2_C15_P10/seed_7,13.260285617745033,9.14359748394837,20.169883749540602,13.699035178044271,28.462224755780838,19.036353191677783,33.55615996099568,22.26997023197315,36.64348350685168,24.553262485841188,26.418407518182768,17.74044371429695
E2_C15_P10,14,2,15,0.5,10,100,57,47,0.41762784123420715,1.25e-05,/content/drive/MyDrive/dissertation/experiments/7_federated_learning/results/configuration_tuning/fed_cgm_multiseed/checkpoints/E2_C15_P10/seed_14,12.715872696265853,8.788672335422648,19.59460762419427,13.39541906101993,27.81954672768268,18.78299857745729,33.009444346428936,22.483022302052035,36.00510592087421,24.736377285730217,25.828915463089192,17.637297912336425
E2_C15_P10,21,2,15,0.5,10,100,46,36,0.41715988516807556,2.5e-05,/content/drive/MyDrive/dissertation/experiments/7_federated_learning/results/configuration_tuning/fed_cgm_multiseed/checkpoints/E2_C15_P10/seed_21,13.162046364121519,8.98119703880037,19.707600542117323,13.412131671211618,27.710040507142484,18.889825192215028,32.87372637110174,22.558037399436603,35.9339789667836,25.149445722971222,25.87747855025333,17.798127404926966
E2_C15_P10,28,2,15,0.5,10,100,41,31,0.43073195219039917,5e-05,/content/drive/MyDrive/dissertation/experiments/7_federated_learning/results/configuration_tuning/fed_cgm_multiseed/checkpoints/E2_C15_P10/seed_28,13.254891225651768,9.028188312545678,19.947343576743762,13.647576529241345,28.193540740667512,19.542313796218036,33.533414641997915,23.349221821350266,36.45377120885086,25.63730687345798,26.276592278782363,18.24092146656266
E2_C15_P10,35,2,15,0.5,10,100,43,33,0.42241570353507996,5e-05,/content/drive/MyDrive/dissertation/experiments/7_federated_learning/results/configuration_tuning/fed_cgm_multiseed/checkpoints/E2_C15_P10/seed_35,13.473793393160731,9.117860517557226,20.103106895694044,13.530030597440696,28.146524399732787,18.856207913078325,32.92812980016786,22.09491496212947,35.85910843565721,24.340882123424095,26.102132584882526,17.587979222725963
E2_C15_P10,42,2,15,0.5,10,100,41,31,0.4200434684753418,5e-05,/content/drive/MyDrive/dissertation/experiments/7_federated_learning/results/configuration_tuning/fed_cgm_multiseed/checkpoints/E2_C15_P10/seed_42,13.648212938838263,9.34169290764767,19.948673875116427,13.630636790271783,27.884146999427877,18.800816884007304,32.87098094408304,22.495685992332746,35.84331722354994,25.084263297360593,26.03906639620311,17.87061917432402
E2_C15_P10,49,2,15,0.5,10,100,42,32,0.41802945733070374,2.5e-05,/content/drive/MyDrive/dissertation/experiments/7_federated_learning/results/configuration_tuning/fed_cgm_multiseed/checkpoints/E2_C15_P10/seed_49,13.220363118921394,9.143240324724198,19.97154254924641,13.622662843793439,27.655794474613973,18.782195558375957,32.90901761815297,22.392493372712796,35.883662880869764,24.65737058615619,25.928076128360903,17.719592537152515
E2_C15_P10,56,2,15,0.5,10,100,47,37,0.4248460531234741,1.25e-05,/content/drive/MyDrive/dissertation/experiments/7_federated_learning/results/configuration_tuning/fed_cgm_multiseed/checkpoints/E2_C15_P10/seed_56,13.53328284371515,9.07356731866121,20.426388382592425,13.621956246637561,28.213329618567155,18.884005212973324,32.935804414484565,22.176927741111072,35.89513531795943,24.450821098717153,26.200788115463745,17.641455523620063
E2_C15_P10,63,2,15,0.5,10,100,58,48,0.41840654611587524,2.5e-05,/content/drive/MyDrive/dissertation/experiments/7_federated_learning/results/configuration_tuning/fed_cgm_multiseed/checkpoints/E2_C15_P10/seed_63,12.574500185727139,8.689086734465013,19.539693212614374,13.272268187412973,27.887664021799893,18.756421747910288,33.01273930286019,22.35032971206334,36.12463613338028,24.717120229778796,25.827846571276375,17.557045322326083
E2_C15_P10,70,2,15,0.5,10,100,46,36,0.41718438267707825,5e-05,/content/drive/MyDrive/dissertation/experiments/7_federated_learning/results/configuration_tuning/fed_cgm_multiseed/checkpoints/E2_C15_P10/seed_70,12.97901181100518,8.947003784926066,19.663471536884686,13.514301260164192,27.849929071473785,18.52098595372255,32.76949648824824,21.775448690966634,36.01472968239307,23.992594665228793,25.85532771800099,17.350066871001648
E2_C15_P20,7,2,15,0.5,20,100,68,48,0.4089200496673584,1.25e-05,/content/drive/MyDrive/dissertation/experiments/7_federated_learning/results/configuration_tuning/fed_cgm_multiseed/checkpoints/E2_C15_P20/seed_7,12.335070074565223,8.386536112884176,19.06686832325425,12.928225801771696,27.457094027265075,18.61119891557078,32.731790861206484,22.202660095811947,35.87946169203688,24.75669193063734,25.49405699566558,17.37706257133519
E2_C15_P20,14,2,15,0.5,20,100,67,47,0.41762784123420715,1.25e-05,/content/drive/MyDrive/dissertation/experiments/7_federated_learning/results/configuration_tuning/fed_cgm_multiseed/checkpoints/E2_C15_P20/seed_14,12.715872696265853,8.788672335422648,19.59460762419427,13.39541906101993,27.81954672768268,18.78299857745729,33.009444346428936,22.483022302052035,36.00510592087421,24.736377285730217,25.828915463089192,17.637297912336425
E2_C15_P20,21,2,15,0.5,20,100,56,36,0.41715988516807556,2.5e-05,/content/drive/MyDrive/dissertation/experiments/7_federated_learning/results/configuration_tuning/fed_cgm_multiseed/checkpoints/E2_C15_P20/seed_21,13.162046364121519,8.98119703880037,19.707600542117323,13.412131671211618,27.710040507142484,18.889825192215028,32.87372637110174,22.558037399436603,35.9339789667836,25.149445722971222,25.87747855025333,17.798127404926966
E2_C15_P20,28,2,15,0.5,20,100,83,63,0.40944358706474304,1.25e-05,/content/drive/MyDrive/dissertation/experiments/7_federated_learning/results/configuration_tuning/fed_cgm_multiseed/checkpoints/E2_C15_P20/seed_28,12.35032228998427,8.491225463438019,19.103182571597593,13.191654838111852,27.39388355009928,18.995941512441096,32.87678337458209,22.765760208918245,35.835359835089804,25.12290569551492,25.511906324270605,17.713497543684827
E2_C15_P20,35,2,15,0.5,20,100,53,33,0.42241570353507996,5e-05,/content/drive/MyDrive/dissertation/experiments/7_federated_learning/results/configuration_tuning/fed_cgm_multiseed/checkpoints/E2_C15_P20/seed_35,13.473793393160731,9.117860517557226,20.103106895694044,13.530030597440696,28.146524399732787,18.856207913078325,32.92812980016786,22.09491496212947,35.85910843565721,24.340882123424095,26.102132584882526,17.587979222725963
E2_C15_P20,42,2,15,0.5,20,100,66,46,0.4059741795063019,1.25e-05,/content/drive/MyDrive/dissertation/experiments/7_federated_learning/results/configuration_tuning/fed_cgm_multiseed/checkpoints/E2_C15_P20/seed_42,12.496704826301581,8.472821767976692,19.088739821086847,13.0264908233428,27.478727395174786,18.38987844170361,32.57015037733408,21.90013161556905,35.57690305646648,24.210317991298115,25.442245095272757,17.19992812797805
E2_C15_P20,49,2,15,0.5,20,100,52,32,0.41802945733070374,2.5e-05,/content/drive/MyDrive/dissertation/experiments/7_federated_learning/results/configuration_tuning/fed_cgm_multiseed/checkpoints/E2_C15_P20/seed_49,13.220363118921394,9.143240324724198,19.97154254924641,13.622662843793439,27.655794474613973,18.782195558375957,32.90901761815297,22.392493372712796,35.883662880869764,24.65737058615619,25.928076128360903,17.719592537152515
E2_C15_P20,56,2,15,0.5,20,100,57,37,0.4248460531234741,1.25e-05,/content/drive/MyDrive/dissertation/experiments/7_federated_learning/results/configuration_tuning/fed_cgm_multiseed/checkpoints/E2_C15_P20/seed_56,13.53328284371515,9.07356731866121,20.426388382592425,13.621956246637561,28.213329618567155,18.884005212973324,32.935804414484565,22.176927741111072,35.89513531795943,24.450821098717153,26.200788115463745,17.641455523620063
E2_C15_P20,63,2,15,0.5,20,100,91,71,0.41512253880500793,3.125e-06,/content/drive/MyDrive/dissertation/experiments/7_federated_learning/results/configuration_tuning/fed_cgm_multiseed/checkpoints/E2_C15_P20/seed_63,12.060630065146142,8.246047988560395,19.162794262576337,12.879367851460247,27.71732039881977,18.18771438761903,33.02542997934447,21.65195810894688,36.21782514892541,23.86744181284005,25.636799970962425,16.96650602988532
E2_C15_P20,70,2,15,0.5,20,100,76,56,0.4058200716972351,6.25e-06,/content/drive/MyDrive/dissertation/experiments/7_federated_learning/results/configuration_tuning/fed_cgm_multiseed/checkpoints/E2_C15_P20/seed_70,11.99455073245879,8.238705297392539,18.79683307744908,12.846312858933741,27.457497464988695,18.26615075601492,32.55394702671844,21.676984519107158,35.91557023094368,23.996605639223002,25.343679706511733,17.00495181413427
E2_C30_P10,7,2,30,1.0,10,100,100,100,0.41539111733436584,6.25e-06,/content/drive/MyDrive/dissertation/experiments/7_federated_learning/results/configuration_tuning/fed_cgm_multiseed/checkpoints/E2_C30_P10/seed_7,11.807890826870338,8.168001158249849,18.796328509243367,12.8110326736063,27.59577086462961,18.224438136027004,33.20555106496785,21.716156781160734,36.45340452105138,23.98892131538356,25.57178915735251,16.98171001288549
E2_C30_P10,14,2,30,1.0,10,100,100,97,0.4172133803367615,6.25e-06,/content/drive/MyDrive/dissertation/experiments/7_federated_learning/results/configuration_tuning/fed_cgm_multiseed/checkpoints/E2_C30_P10/seed_14,11.810675365568084,8.109748955554315,18.92084683985317,12.877389236212286,27.65728162552255,18.22004916063692,33.208993967562336,21.700279691597622,36.559953320641185,24.000581023992655,25.631550223829464,16.98160961359876
E2_C30_P10,21,2,30,1.0,10,100,100,100,0.4198249280452728,6.25e-06,/content/drive/MyDrive/dissertation/experiments/7_federated_learning/results/configuration_tuning/fed_cgm_multiseed/checkpoints/E2_C30_P10/seed_21,11.89715011381155,8.170307753961483,18.819016820196257,12.783982145192244,27.72647142719696,18.301159866225717,33.353632383353954,21.811269682111888,36.71697217711703,24.1313939014366,25.70264858433515,17.039622669785587
E2_C30_P10,28,2,30,1.0,10,100,100,97,0.41715019941329956,6.25e-06,/content/drive/MyDrive/dissertation/experiments/7_federated_learning/results/configuration_tuning/fed_cgm_multiseed/checkpoints/E2_C30_P10/seed_28,11.950887039536328,8.234766413362994,18.92961540020704,12.903629291549585,27.59348875555378,18.275313593072287,33.261323818844055,21.77823713227391,36.50276481486658,24.041309245898795,25.64761596580156,17.046651135231514
E2_C30_P10,35,2,30,1.0,10,100,100,100,0.41365575790405273,6.25e-06,/content/drive/MyDrive/dissertation/experiments/7_federated_learning/results/configuration_tuning/fed_cgm_multiseed/checkpoints/E2_C30_P10/seed_35,11.608901181567129,8.000797462754933,18.682342197199247,12.743383312779295,27.595292575842638,18.199450544580632,33.09847454906842,21.62173627330345,36.46245887177563,23.965886667007265,25.489493875090613,16.906250852085115
E2_C30_P10,42,2,30,1.0,10,100,100,100,0.41269680857658386,6.25e-06,/content/drive/MyDrive/dissertation/experiments/7_federated_learning/results/configuration_tuning/fed_cgm_multiseed/checkpoints/E2_C30_P10/seed_42,11.719861329400091,8.03676353648182,18.719894556125702,12.753375845908828,27.502808146655685,18.183348886320182,33.049307112368595,21.719611750724884,36.40545761210305,23.974695884543653,25.479465751330626,16.933559180795875
E2_C30_P10,49,2,30,1.0,10,100,100,100,0.41741710901260376,6.25e-06,/content/drive/MyDrive/dissertation/experiments/7_federated_learning/results/configuration_tuning/fed_cgm_multiseed/checkpoints/E2_C30_P10/seed_49,11.876535733409364,8.159856268551254,18.845596752594133,12.804766918008607,27.627912448411536,18.192081742737134,33.13078384938299,21.65359874271683,36.695117333050526,24.065641900356738,25.635189223369707,16.975189114474112
E2_C30_P10,56,2,30,1.0,10,100,100,93,0.4140905737876892,6.25e-06,/content/drive/MyDrive/dissertation/experiments/7_federated_learning/results/configuration_tuning/fed_cgm_multiseed/checkpoints/E2_C30_P10/seed_56,11.693478030595815,8.085684900566621,18.875201932494445,12.823462753739062,27.495257444618602,18.21993976664157,33.09530715634484,21.66503929107862,36.46746102715028,23.968211689421032,25.525341118240796,16.95246768028938
E2_C30_P10,63,2,30,1.0,10,100,100,99,0.4151494801044464,6.25e-06,/content/drive/MyDrive/dissertation/experiments/7_federated_learning/results/configuration_tuning/fed_cgm_multiseed/checkpoints/E2_C30_P10/seed_63,11.846754111907176,8.208774326176353,18.911997397130595,12.803920447531187,27.68824525935745,18.199577249907748,33.10236505575003,21.659196847689987,36.37520153880113,23.9123463615807,25.584912672589276,16.956763046577194
E2_C30_P10,70,2,30,1.0,10,100,100,95,0.41550496220588684,6.25e-06,/content/drive/MyDrive/dissertation/experiments/7_federated_learning/results/configuration_tuning/fed_cgm_multiseed/checkpoints/E2_C30_P10/seed_70,11.844100227274717,8.184067861708032,18.779966170100717,12.827736359435606,27.70389805532484,18.250293057849014,33.01670235204627,21.669745830744642,36.55333490920149,24.000462960336815,25.579600342789604,16.986461214014824
E2_C30_P20,7,2,30,1.0,20,100,100,100,0.41539111733436584,6.25e-06,/content/drive/MyDrive/dissertation/experiments/7_federated_learning/results/configuration_tuning/fed_cgm_multiseed/checkpoints/E2_C30_P20/seed_7,11.807890826870338,8.168001158249849,18.796328509243367,12.8110326736063,27.59577086462961,18.224438136027004,33.20555106496785,21.716156781160734,36.45340452105138,23.98892131538356,25.57178915735251,16.98171001288549
E2_C30_P20,14,2,30,1.0,20,100,100,97,0.4172133803367615,6.25e-06,/content/drive/MyDrive/dissertation/experiments/7_federated_learning/results/configuration_tuning/fed_cgm_multiseed/checkpoints/E2_C30_P20/seed_14,11.810675365568084,8.109748955554315,18.92084683985317,12.877389236212286,27.65728162552255,18.22004916063692,33.208993967562336,21.700279691597622,36.559953320641185,24.000581023992655,25.631550223829464,16.98160961359876
E2_C30_P20,21,2,30,1.0,20,100,100,100,0.4198249280452728,6.25e-06,/content/drive/MyDrive/dissertation/experiments/7_federated_learning/results/configuration_tuning/fed_cgm_multiseed/checkpoints/E2_C30_P20/seed_21,11.89715011381155,8.170307753961483,18.819016820196257,12.783982145192244,27.72647142719696,18.301159866225717,33.353632383353954,21.811269682111888,36.71697217711703,24.1313939014366,25.70264858433515,17.039622669785587
E2_C30_P20,28,2,30,1.0,20,100,100,97,0.41715019941329956,6.25e-06,/content/drive/MyDrive/dissertation/experiments/7_federated_learning/results/configuration_tuning/fed_cgm_multiseed/checkpoints/E2_C30_P20/seed_28,11.950887039536328,8.234766413362994,18.92961540020704,12.903629291549585,27.59348875555378,18.275313593072287,33.261323818844055,21.77823713227391,36.50276481486658,24.041309245898795,25.64761596580156,17.046651135231514
E2_C30_P20,35,2,30,1.0,20,100,100,100,0.41365575790405273,6.25e-06,/content/drive/MyDrive/dissertation/experiments/7_federated_learning/results/configuration_tuning/fed_cgm_multiseed/checkpoints/E2_C30_P20/seed_35,11.608901181567129,8.000797462754933,18.682342197199247,12.743383312779295,27.595292575842638,18.199450544580632,33.09847454906842,21.62173627330345,36.46245887177563,23.965886667007265,25.489493875090613,16.906250852085115
E2_C30_P20,42,2,30,1.0,20,100,100,100,0.41269680857658386,6.25e-06,/content/drive/MyDrive/dissertation/experiments/7_federated_learning/results/configuration_tuning/fed_cgm_multiseed/checkpoints/E2_C30_P20/seed_42,11.719861329400091,8.03676353648182,18.719894556125702,12.753375845908828,27.502808146655685,18.183348886320182,33.049307112368595,21.719611750724884,36.40545761210305,23.974695884543653,25.479465751330626,16.933559180795875
E2_C30_P20,49,2,30,1.0,20,100,100,100,0.41741710901260376,6.25e-06,/content/drive/MyDrive/dissertation/experiments/7_federated_learning/results/configuration_tuning/fed_cgm_multiseed/checkpoints/E2_C30_P20/seed_49,11.876535733409364,8.159856268551254,18.845596752594133,12.804766918008607,27.627912448411536,18.192081742737134,33.13078384938299,21.65359874271683,36.695117333050526,24.065641900356738,25.635189223369707,16.975189114474112
E2_C30_P20,56,2,30,1.0,20,100,100,93,0.4140905737876892,6.25e-06,/content/drive/MyDrive/dissertation/experiments/7_federated_learning/results/configuration_tuning/fed_cgm_multiseed/checkpoints/E2_C30_P20/seed_56,11.693478030595815,8.085684900566621,18.875201932494445,12.823462753739062,27.495257444618602,18.21993976664157,33.09530715634484,21.66503929107862,36.46746102715028,23.968211689421032,25.525341118240796,16.95246768028938
E2_C30_P20,63,2,30,1.0,20,100,100,99,0.4151494801044464,6.25e-06,/content/drive/MyDrive/dissertation/experiments/7_federated_learning/results/configuration_tuning/fed_cgm_multiseed/checkpoints/E2_C30_P20/seed_63,11.846754111907176,8.208774326176353,18.911997397130595,12.803920447531187,27.68824525935745,18.199577249907748,33.10236505575003,21.659196847689987,36.37520153880113,23.9123463615807,25.584912672589276,16.956763046577194
E2_C30_P20,70,2,30,1.0,20,100,100,95,0.41550496220588684,6.25e-06,/content/drive/MyDrive/dissertation/experiments/7_federated_learning/results/configuration_tuning/fed_cgm_multiseed/checkpoints/E2_C30_P20/seed_70,11.844100227274717,8.184067861708032,18.779966170100717,12.827736359435606,27.70389805532484,18.250293057849014,33.01670235204627,21.669745830744642,36.55333490920149,24.000462960336815,25.579600342789604,16.986461214014824
E5_C15_P10,7,5,15,0.5,10,100,26,16,0.43124374747276306,0.0001,/content/drive/MyDrive/dissertation/experiments/7_federated_learning/results/configuration_tuning/fed_cgm_multiseed/checkpoints/E5_C15_P10/seed_7,12.353981776438474,8.441203660769624,19.556740489306247,13.097768801645707,28.14412523337403,19.11163022849801,33.53385089442627,23.28168315555079,37.076612713009666,26.153244441658376,26.13306222131094,18.017106057624503
E5_C15_P10,14,5,15,0.5,10,100,24,14,0.44708430767059326,0.0001,/content/drive/MyDrive/dissertation/experiments/7_federated_learning/results/configuration_tuning/fed_cgm_multiseed/checkpoints/E5_C15_P10/seed_14,12.798176112651438,8.820680269470495,20.035080228121704,13.532973588682832,28.963425410647883,19.19450257457895,34.14498921313748,22.890666793501367,37.37601165414852,25.35477624215033,26.663536523741403,17.958719893676793
E5_C15_P10,21,5,15,0.5,10,100,27,17,0.4329650104045868,0.0001,/content/drive/MyDrive/dissertation/experiments/7_federated_learning/results/configuration_tuning/fed_cgm_multiseed/checkpoints/E5_C15_P10/seed_21,12.55322761207236,8.697630673918438,19.611315506033826,13.46679270973777,28.277953759646028,19.638649945447145,33.704485975877056,23.580969697770925,36.92996987520524,26.00201089054902,26.215390545766905,18.27721078348466
E5_C15_P10,28,5,15,0.5,10,100,18,8,0.45462873578071594,0.0001,/content/drive/MyDrive/dissertation/experiments/7_federated_learning/results/configuration_tuning/fed_cgm_multiseed/checkpoints/E5_C15_P10/seed_28,14.838931255786445,9.979376115743555,21.275064182409384,13.974655100053619,29.12712735011623,19.39940726485175,33.91714544374512,23.000724334390256,36.909081811669054,25.5865010582537,27.21347000874524,18.388132774658576
E5_C15_P10,35,5,15,0.5,10,100,43,33,0.4151240587234497,2.5e-05,/content/drive/MyDrive/dissertation/experiments/7_federated_learning/results/configuration_tuning/fed_cgm_multiseed/checkpoints/E5_C15_P10/seed_35,12.505809934361482,8.709531942080082,19.31547713493901,13.26625554158541,27.601555550248797,18.68483138100447,32.85121473814551,22.498990705974677,36.232769056330056,25.096314042411205,25.70136528280497,17.65118472261117
E5_C15_P10,42,5,15,0.5,10,100,24,14,0.4445774555206299,0.0001,/content/drive/MyDrive/dissertation/experiments/7_federated_learning/results/configuration_tuning/fed_cgm_multiseed/checkpoints/E5_C15_P10/seed_42,12.616810240401916,8.87623089213358,19.551840987476062,13.99415114614731,28.422374048809747,20.619865563490894,34.13160927068126,25.09608032823666,37.820947138474345,28.374076912301792,26.508716337168664,19.392080968462047
E5_C15_P10,49,5,15,0.5,10,100,21,11,0.45074135065078735,0.0001,/content/drive/MyDrive/dissertation/experiments/7_federated_learning/results/configuration_tuning/fed_cgm_multiseed/checkpoints/E5_C15_P10/seed_49,13.393225035443411,9.101379668359106,20.478022012177245,13.688370437178907,28.757454925599813,19.467954957845997,34.22374373458254,23.783556208527443,37.44848328426346,26.54126084787479,26.860185798413294,18.516504423957247
E5_C15_P10,56,5,15,0.5,10,100,32,22,0.4283553957939148,5e-05,/content/drive/MyDrive/dissertation/experiments/7_federated_learning/results/configuration_tuning/fed_cgm_multiseed/checkpoints/E5_C15_P10/seed_56,12.33839780879202,8.73048631556717,19.588907945069895,13.545999030752016,28.180822206984885,19.22444921835815,33.55668783959369,22.754525743307816,36.668419110656984,25.404030665809028,26.066646982219492,17.931898194758837
E5_C15_P10,63,5,15,0.5,10,100,24,14,0.4410057067871094,0.0001,/content/drive/MyDrive/dissertation/experiments/7_federated_learning/results/configuration_tuning/fed_cgm_multiseed/checkpoints/E5_C15_P10/seed_63,12.822957377066233,8.854691043901575,20.005188056921256,13.59860911309555,28.67189491766605,19.09626372525977,33.73760137819021,22.76022330143881,37.256554743585525,25.558339553315207,26.498839294685855,17.973625347402184
E5_C15_P10,70,5,15,0.5,10,100,18,8,0.45688679814338684,0.0001,/content/drive/MyDrive/dissertation/experiments/7_federated_learning/results/configuration_tuning/fed_cgm_multiseed/checkpoints/E5_C15_P10/seed_70,14.784467577342683,10.056361480591605,21.178254112706743,14.042069403223582,28.974765555285842,19.877041756592916,33.92063223210727,23.589948380230325,37.37184691367318,26.43908545349177,27.245993278223143,18.80090129482604
E5_C15_P20,7,5,15,0.5,20,100,36,16,0.43124374747276306,0.0001,/content/drive/MyDrive/dissertation/experiments/7_federated_learning/results/configuration_tuning/fed_cgm_multiseed/checkpoints/E5_C15_P20/seed_7,12.353981776438474,8.441203660769624,19.556740489306247,13.097768801645707,28.14412523337403,19.11163022849801,33.53385089442627,23.28168315555079,37.076612713009666,26.153244441658376,26.13306222131094,18.017106057624503
E5_C15_P20,14,5,15,0.5,20,100,82,62,0.4065440595149994,1.5625e-06,/content/drive/MyDrive/dissertation/experiments/7_federated_learning/results/configuration_tuning/fed_cgm_multiseed/checkpoints/E5_C15_P20/seed_14,11.43791667702666,7.902198858211544,18.47287824296317,12.63216267290993,27.161704741219573,18.129138730316487,32.83556783452415,21.78411899194627,36.32092535964786,24.272963126592774,25.245798571076282,16.9441164759954
E5_C15_P20,21,5,15,0.5,20,100,100,83,0.41169413924217224,1.953125e-07,/content/drive/MyDrive/dissertation/experiments/7_federated_learning/results/configuration_tuning/fed_cgm_multiseed/checkpoints/E5_C15_P20/seed_21,11.448078881988078,7.829770802912162,18.482023425461385,12.5426989987734,27.399002051263498,18.02799141119103,33.08286653876426,21.55303285949203,36.53883373760283,23.949528717069004,25.39016092701601,16.780604557887525
E5_C15_P20,28,5,15,0.5,20,100,83,63,0.3974812626838684,1.5625e-06,/content/drive/MyDrive/dissertation/experiments/7_federated_learning/results/configuration_tuning/fed_cgm_multiseed/checkpoints/E5_C15_P20/seed_28,11.363297549421606,7.7851797474155875,18.281237803293404,12.5177620025047,26.940669349359606,18.213806231646537,32.46402043380857,21.911774067891844,35.82961982101038,24.385847895781733,24.975768991378715,16.96287398904808
E5_C15_P20,35,5,15,0.5,20,100,76,56,0.40094122290611267,3.125e-06,/content/drive/MyDrive/dissertation/experiments/7_federated_learning/results/configuration_tuning/fed_cgm_multiseed/checkpoints/E5_C15_P20/seed_35,11.472466493821058,7.932754425636602,18.470810214340784,12.718606798760353,27.099652775091347,18.125435035493314,32.509824024594714,21.638799606598468,35.96434409106043,24.058370152528553,25.10341951978167,16.89479320380346
E5_C15_P20,42,5,15,0.5,20,100,80,60,0.40721142292022705,1.5625e-06,/content/drive/MyDrive/dissertation/experiments/7_federated_learning/results/configuration_tuning/fed_cgm_multiseed/checkpoints/E5_C15_P20/seed_42,11.445969487521216,7.902165523985044,18.515988976789878,12.702231499704881,27.22085871317308,18.144783293847386,32.85300021623717,21.8737894564949,36.31790177403092,24.348848919590036,25.270743833550455,16.994363738724452
E5_C15_P20,49,5,15,0.5,20,100,52,32,0.4125908613204956,1.25e-05,/content/drive/MyDrive/dissertation/experiments/7_federated_learning/results/configuration_tuning/fed_cgm_multiseed/checkpoints/E5_C15_P20/seed_49,12.050899728819628,8.495740232639669,18.945629702932486,13.122620872560534,27.42657715430945,18.994401273666192,32.928751848297445,22.889342183667342,36.33437550062516,25.473392115015386,25.537246786996832,17.795099335509825
E5_C15_P20,56,5,15,0.5,20,100,72,52,0.4053780436515808,3.125e-06,/content/drive/MyDrive/dissertation/experiments/7_federated_learning/results/configuration_tuning/fed_cgm_multiseed/checkpoints/E5_C15_P20/seed_56,11.511412180496238,7.961159070585525,18.554570717024863,12.711559443763912,27.17870859054491,18.164384209479223,32.764202331145206,21.734067529102816,36.16502974122347,24.187535554238032,25.234784712086935,16.951741161433905
E5_C15_P20,63,5,15,0.5,20,100,64,44,0.4140496850013733,6.25e-06,/content/drive/MyDrive/dissertation/experiments/7_federated_learning/results/configuration_tuning/fed_cgm_multiseed/checkpoints/E5_C15_P20/seed_63,11.622071307822383,8.04544686830871,18.73195148576841,12.819389626885801,27.536530470518038,18.369900396073568,33.1060731294139,22.13048847213647,36.5182277957589,24.643563761138218,25.502970837856328,17.201757824908555
E5_C15_P20,70,5,15,0.5,20,100,76,56,0.4045589566230774,1.5625e-06,/content/drive/MyDrive/dissertation/experiments/7_federated_learning/results/configuration_tuning/fed_cgm_multiseed/checkpoints/E5_C15_P20/seed_70,11.538335552908439,7.953843619458284,18.41139780602561,12.60930224435842,27.18387120121599,18.19909438550454,32.69652897995456,21.751295427808117,36.18650984119171,24.23595751742273,25.20332867625926,16.94989863891042
E5_C30_P10,7,5,30,1.0,10,100,100,95,0.42303046584129333,6.25e-06,/content/drive/MyDrive/dissertation/experiments/7_federated_learning/results/configuration_tuning/fed_cgm_multiseed/checkpoints/E5_C30_P10/seed_7,11.696427015745783,8.11279422080105,18.96842773195097,13.007582395035206,27.92169757911259,18.705319736332605,33.53399542844564,22.350460195002007,36.77960821314108,24.526249798384328,25.780031193679214,17.34048126911104
E5_C30_P10,14,5,30,1.0,10,100,100,98,0.4174838960170746,1.5625e-06,/content/drive/MyDrive/dissertation/experiments/7_federated_learning/results/configuration_tuning/fed_cgm_multiseed/checkpoints/E5_C30_P10/seed_14,11.538524279837496,7.934884396783076,18.683095053788676,12.705530514275397,27.516077572205905,18.093631416211178,33.29009945448442,21.689673454730162,36.83371442403547,24.130469603204684,25.572302156870393,16.910837877040898
E5_C30_P10,21,5,30,1.0,10,100,100,93,0.41464829444885254,1.5625e-06,/content/drive/MyDrive/dissertation/experiments/7_federated_learning/results/configuration_tuning/fed_cgm_multiseed/checkpoints/E5_C30_P10/seed_21,11.45583518363331,7.894458267645747,18.4879157047321,12.567576310365654,27.480923667014576,18.1432097847547,33.2350396408822,21.700170722571908,36.69216851161467,24.088198725188118,25.47037654157537,16.878722762105227
E5_C30_P10,28,5,30,1.0,10,100,100,100,0.4368017613887787,5e-05,/content/drive/MyDrive/dissertation/experiments/7_federated_learning/results/configuration_tuning/fed_cgm_multiseed/checkpoints/E5_C30_P10/seed_28,12.520279698234726,8.58741680344687,19.675212520842326,13.43080332192468,28.717327236830403,19.242214217108714,33.876211155495334,22.556935943911398,36.87187137653619,24.658887639128807,26.3321803975878,17.695251585104096
E5_C30_P10,35,5,30,1.0,10,100,100,98,0.4212784171104431,2.5e-05,/content/drive/MyDrive/dissertation/experiments/7_federated_learning/results/configuration_tuning/fed_cgm_multiseed/checkpoints/E5_C30_P10/seed_35,12.09396712968804,8.269480816693308,19.19848379460431,13.139155524500792,28.151165879265516,18.929723945694647,33.371367658120576,22.390412636934453,36.29007962199134,24.474609562994253,25.82101281673396,17.44067649736349
E5_C30_P10,42,5,30,1.0,10,100,100,97,0.41349831223487854,1.5625e-06,/content/drive/MyDrive/dissertation/experiments/7_federated_learning/results/configuration_tuning/fed_cgm_multiseed/checkpoints/E5_C30_P10/seed_42,11.42993706145567,7.855453396514081,18.522401597299613,12.624228744483512,27.43668153892739,18.069091754891172,33.17669501329389,21.702030128005518,36.62966255727268,24.026675204186947,25.439075553649847,16.855495845616247
E5_C30_P10,49,5,30,1.0,10,100,100,100,0.41987144947052,5e-05,/content/drive/MyDrive/dissertation/experiments/7_federated_learning/results/configuration_tuning/fed_cgm_multiseed/checkpoints/E5_C30_P10/seed_49,12.418550296322715,8.503616803693173,19.504197148891585,13.205379919217144,28.39325030900976,18.73465803071141,33.200403940516516,21.857368742133165,35.81047556894857,23.867956020503335,25.86537545273783,17.233795903251643
E5_C30_P10,56,5,30,1.0,10,100,100,98,0.4303402602672577,2.5e-05,/content/drive/MyDrive/dissertation/experiments/7_federated_learning/results/configuration_tuning/fed_cgm_multiseed/checkpoints/E5_C30_P10/seed_56,12.324603354920331,8.451994853659675,19.551216313015296,13.327731828914072,28.456791783542702,18.996693193230996,33.73296714804689,22.556709957560134,36.55828406654779,24.669529114422613,26.124772533214603,17.6005317895575
E5_C30_P10,63,5,30,1.0,10,100,100,100,0.4154517352581024,1.5625e-06,/content/drive/MyDrive/dissertation/experiments/7_federated_learning/results/configuration_tuning/fed_cgm_multiseed/checkpoints/E5_C30_P10/seed_63,11.445248879568654,7.927635063654201,18.569876903002253,12.652951066598218,27.61510665652179,18.12677412181774,33.19126241624739,21.69727608457103,36.69011118664878,24.07485557329906,25.502321208397774,16.89589838198805
E5_C30_P10,70,5,30,1.0,10,100,100,100,0.42419862747192383,2.5e-05,/content/drive/MyDrive/dissertation/experiments/7_federated_learning/results/configuration_tuning/fed_cgm_multiseed/checkpoints/E5_C30_P10/seed_70,12.354380493120068,8.460536317933192,19.308304682949995,13.170031645450342,28.310251177266583,18.91840984562565,33.45680464360337,22.33352693273765,36.298661820227096,24.354155714640886,25.94568056343342,17.447332091277545
E5_C30_P20,7,5,30,1.0,20,100,100,95,0.42303046584129333,6.25e-06,/content/drive/MyDrive/dissertation/experiments/7_federated_learning/results/configuration_tuning/fed_cgm_multiseed/checkpoints/E5_C30_P20/seed_7,11.696427015745783,8.11279422080105,18.96842773195097,13.007582395035206,27.92169757911259,18.705319736332605,33.53399542844564,22.350460195002007,36.77960821314108,24.526249798384328,25.780031193679214,17.34048126911104
E5_C30_P20,14,5,30,1.0,20,100,100,98,0.4174838960170746,1.5625e-06,/content/drive/MyDrive/dissertation/experiments/7_federated_learning/results/configuration_tuning/fed_cgm_multiseed/checkpoints/E5_C30_P20/seed_14,11.538524279837496,7.934884396783076,18.683095053788676,12.705530514275397,27.516077572205905,18.093631416211178,33.29009945448442,21.689673454730162,36.83371442403547,24.130469603204684,25.572302156870393,16.910837877040898
E5_C30_P20,21,5,30,1.0,20,100,100,93,0.41464829444885254,1.5625e-06,/content/drive/MyDrive/dissertation/experiments/7_federated_learning/results/configuration_tuning/fed_cgm_multiseed/checkpoints/E5_C30_P20/seed_21,11.45583518363331,7.894458267645747,18.4879157047321,12.567576310365654,27.480923667014576,18.1432097847547,33.2350396408822,21.700170722571908,36.69216851161467,24.088198725188118,25.47037654157537,16.878722762105227
E5_C30_P20,28,5,30,1.0,20,100,100,100,0.4368017613887787,5e-05,/content/drive/MyDrive/dissertation/experiments/7_federated_learning/results/configuration_tuning/fed_cgm_multiseed/checkpoints/E5_C30_P20/seed_28,12.520279698234726,8.58741680344687,19.675212520842326,13.43080332192468,28.717327236830403,19.242214217108714,33.876211155495334,22.556935943911398,36.87187137653619,24.658887639128807,26.3321803975878,17.695251585104096
E5_C30_P20,35,5,30,1.0,20,100,100,98,0.4212784171104431,2.5e-05,/content/drive/MyDrive/dissertation/experiments/7_federated_learning/results/configuration_tuning/fed_cgm_multiseed/checkpoints/E5_C30_P20/seed_35,12.09396712968804,8.269480816693308,19.19848379460431,13.139155524500792,28.151165879265516,18.929723945694647,33.371367658120576,22.390412636934453,36.29007962199134,24.474609562994253,25.82101281673396,17.44067649736349
E5_C30_P20,42,5,30,1.0,20,100,100,97,0.41349831223487854,1.5625e-06,/content/drive/MyDrive/dissertation/experiments/7_federated_learning/results/configuration_tuning/fed_cgm_multiseed/checkpoints/E5_C30_P20/seed_42,11.42993706145567,7.855453396514081,18.522401597299613,12.624228744483512,27.43668153892739,18.069091754891172,33.17669501329389,21.702030128005518,36.62966255727268,24.026675204186947,25.439075553649847,16.855495845616247
E5_C30_P20,49,5,30,1.0,20,100,100,100,0.41987144947052,5e-05,/content/drive/MyDrive/dissertation/experiments/7_federated_learning/results/configuration_tuning/fed_cgm_multiseed/checkpoints/E5_C30_P20/seed_49,12.418550296322715,8.503616803693173,19.504197148891585,13.205379919217144,28.39325030900976,18.73465803071141,33.200403940516516,21.857368742133165,35.81047556894857,23.867956020503335,25.86537545273783,17.233795903251643
E5_C30_P20,56,5,30,1.0,20,100,100,98,0.4303402602672577,2.5e-05,/content/drive/MyDrive/dissertation/experiments/7_federated_learning/results/configuration_tuning/fed_cgm_multiseed/checkpoints/E5_C30_P20/seed_56,12.324603354920331,8.451994853659675,19.551216313015296,13.327731828914072,28.456791783542702,18.996693193230996,33.73296714804689,22.556709957560134,36.55828406654779,24.669529114422613,26.124772533214603,17.6005317895575
E5_C30_P20,63,5,30,1.0,20,100,100,100,0.4154517352581024,1.5625e-06,/content/drive/MyDrive/dissertation/experiments/7_federated_learning/results/configuration_tuning/fed_cgm_multiseed/checkpoints/E5_C30_P20/seed_63,11.445248879568654,7.927635063654201,18.569876903002253,12.652951066598218,27.61510665652179,18.12677412181774,33.19126241624739,21.69727608457103,36.69011118664878,24.07485557329906,25.502321208397774,16.89589838198805
E5_C30_P20,70,5,30,1.0,20,100,100,100,0.42419862747192383,2.5e-05,/content/drive/MyDrive/dissertation/experiments/7_federated_learning/results/configuration_tuning/fed_cgm_multiseed/checkpoints/E5_C30_P20/seed_70,12.354380493120068,8.460536317933192,19.308304682949995,13.170031645450342,28.310251177266583,18.91840984562565,33.45680464360337,22.33352693273765,36.298661820227096,24.354155714640886,25.94568056343342,17.447332091277545
